sample_index,base_mae,full_mae,delta_base_minus_full,base_mae_masked,full_mae_masked,delta_masked_base_minus_full,metric_valid_count,env_delta_abs_mean,env_delta_signed_mean,label,label_masked
0,71.52163696289062,66.00337982177734,5.518257141113281,37.086055755615234,14.594461441040039,22.491594314575195,128,12.062768936157227,12.062768936157227,env_helps,env_helps
1,69.20457458496094,64.30728149414062,4.8972930908203125,31.83054296875,12.759330078125,19.071212890625,125,9.767240524291992,9.767240524291992,env_helps,env_helps
2,67.51053619384766,63.374961853027344,4.1355743408203125,28.683143028846153,12.770962706997864,15.91218032184829,117,7.791954517364502,7.791954517364502,env_helps,env_helps
3,67.73468017578125,63.43319320678711,4.301486968994141,26.687900946392276,11.327112709603659,15.360788236788617,123,7.293153285980225,7.293153285980225,env_helps,env_helps
4,71.5501708984375,66.40280151367188,5.147369384765625,34.557454427083336,12.681260850694445,21.876193576388893,126,11.217055320739746,11.217055320739746,env_helps,env_helps
5,75.38899230957031,70.72538757324219,4.663604736328125,41.669990007267444,13.725495094476743,27.944494912790702,129,17.241003036499023,17.241003036499023,env_helps,env_helps
6,77.8603286743164,72.94483184814453,4.915496826171875,44.55671735491072,13.867795235770089,30.688922119140628,140,21.38641929626465,21.38641929626465,env_helps,env_helps
7,78.73564147949219,71.49945831298828,7.236183166503906,48.111060248480904,13.862458970811632,34.24860127766927,144,21.362634658813477,21.362634658813477,env_helps,env_helps
8,78.38416290283203,68.79452514648438,9.589637756347656,53.545445797217155,14.590403313184307,38.955042484032845,137,20.845624923706055,20.845624923706055,env_helps,env_helps
9,76.77515411376953,65.8252182006836,10.949935913085938,50.508163144924495,13.628571990352349,36.87959115457215,149,20.101526260375977,20.101526260375977,env_helps,env_helps
10,72.75765228271484,62.111053466796875,10.646598815917969,43.72920236895161,12.32841560609879,31.40078676285282,155,18.042076110839844,18.042076110839844,env_helps,env_helps
11,70.71646118164062,59.67047882080078,11.045982360839844,43.27817102906051,13.647432946855096,29.63073808220541,157,15.150915145874023,15.150915145874023,env_helps,env_helps
12,70.19905090332031,58.584659576416016,11.614391326904297,44.693236536949684,14.288822965801886,30.4044135711478,159,14.546050071716309,14.546050071716309,env_helps,env_helps
13,68.07453918457031,56.57855987548828,11.495979309082031,40.93138586956522,11.379624266061724,29.551761603503493,161,14.464984893798828,14.464984893798828,env_helps,env_helps
14,67.7763442993164,56.337196350097656,11.43914794921875,39.55441524621212,11.029979728929924,28.5244355172822,165,14.295746803283691,14.254511833190918,env_helps,env_helps
15,65.92951202392578,56.70039367675781,9.229118347167969,34.58810201505335,11.691703982469512,22.89639803258384,164,12.624506950378418,12.510417938232422,env_helps,env_helps
16,65.61683654785156,58.17105484008789,7.445781707763672,30.411515442251464,12.537215026498538,17.874300415752927,171,9.73863410949707,9.562386512756348,env_helps,env_helps
17,65.12638092041016,59.21826171875,5.908119201660156,27.651352300876525,12.856632883955793,14.794719416920731,164,6.895633697509766,6.712637424468994,env_helps,env_helps
18,62.232460021972656,58.56459045410156,3.6678695678710938,17.42397553066038,7.608528952928459,9.815446577731919,159,4.947892665863037,4.825461387634277,env_helps,env_helps
19,63.255332946777344,61.35576629638672,1.899566650390625,13.921635524482484,8.501931354498408,5.419704169984076,157,2.9789485931396484,2.9746627807617188,env_helps,env_helps
20,65.27116394042969,64.25666809082031,1.014495849609375,10.883707682291666,7.392646789550781,3.491060892740885,144,1.7121466398239136,1.708940029144287,env_helps,env_helps
21,68.56808471679688,68.35155487060547,0.21652984619140625,7.459196708571743,6.188974299900968,1.270222408670775,142,0.9568060040473938,0.9557536840438843,env_helps,env_helps
22,73.25288391113281,73.2890853881836,-0.03620147705078125,6.304632055850429,5.8701470062022905,0.4344850496481385,131,0.38653603196144104,0.37054264545440674,env_hurts,env_helps
23,78.87457275390625,78.92831420898438,-0.053741455078125,6.623515161974677,6.506199277680496,0.1173158842941806,116,0.12178120017051697,0.11474712193012238,env_hurts,env_helps
24,84.02193450927734,84.05301666259766,-0.0310821533203125,5.643689307096962,5.643689307096962,0.0,107,0.031084641814231873,0.031084641814231873,env_hurts,env_neutral
25,89.65962982177734,89.65962982177734,0.0,5.525063309015012,5.525063309015012,0.0,102,0.0,0.0,env_neutral,env_neutral
26,92.64131164550781,92.64131164550781,0.0,5.347856973864369,5.347856973864369,0.0,97,0.0,0.0,env_neutral,env_neutral
27,93.40045166015625,93.40045166015625,0.0,4.585618129996366,4.585618129996366,0.0,86,0.0,0.0,env_neutral,env_neutral
28,91.60858154296875,91.60858154296875,0.0,5.122902248216712,5.122902248216712,0.0,92,0.0,0.0,env_neutral,env_neutral
29,91.23234558105469,91.07794952392578,0.15439605712890625,13.499040876116071,12.868889010682398,0.6301518654336729,98,0.15438708662986755,0.15438708662986755,env_helps,env_helps
30,90.9736099243164,89.16766357421875,1.8059463500976562,16.315468884389336,9.222858953913418,7.092609930475918,109,2.1778337955474854,2.151853322982788,env_helps,env_helps
31,94.9990234375,88.7890396118164,6.209983825683594,35.35947575644841,13.52204822358631,21.8374275328621,126,7.9820990562438965,7.961205959320068,env_helps,env_helps
32,91.39118957519531,83.38214874267578,8.009040832519531,40.228680889423075,10.099718299278846,30.128962590144226,130,13.0702486038208,13.035063743591309,env_helps,env_helps
33,87.87281036376953,80.3674545288086,7.5053558349609375,51.19536756931391,12.96526411242951,38.2301034568844,133,21.243207931518555,21.243207931518555,env_helps,env_helps
34,81.84260559082031,74.31575012207031,7.52685546875,51.62432502297794,14.696740543141084,36.92758447983686,136,21.940597534179688,21.92245864868164,env_helps,env_helps
35,78.10565185546875,69.09552001953125,9.0101318359375,52.84091435185185,13.730436197916667,39.11047815393518,135,21.544267654418945,21.544267654418945,env_helps,env_helps
36,73.44601440429688,65.09729766845703,8.348716735839844,47.5087890625,13.308736772679572,34.20005228982043,134,19.25707244873047,19.251888275146484,env_helps,env_helps
37,68.78509521484375,60.93132781982422,7.853767395019531,45.04886568509615,13.702632962740385,31.34623272235577,130,16.20391273498535,16.19617462158203,env_helps,env_helps
38,65.3542709350586,58.208656311035156,7.1456146240234375,41.43787802419355,14.199484548261088,27.23839347593246,124,11.346258163452148,11.346258163452148,env_helps,env_helps
39,65.9753189086914,58.84736251831055,7.127956390380859,46.81049037964876,18.55412052879649,28.256369850852273,121,10.786933898925781,10.786933898925781,env_helps,env_helps
40,64.49278259277344,58.06248092651367,6.430301666259766,38.74657818651575,15.152479276882381,23.594098909633367,127,9.250287055969238,9.250287055969238,env_helps,env_helps
41,68.24031066894531,60.362648010253906,7.877662658691406,47.13581908218504,16.786636472687007,30.34918260949803,127,12.073592185974121,12.073592185974121,env_helps,env_helps
42,68.55469512939453,61.0757942199707,7.478900909423828,47.484703189036885,17.131395683913933,30.353307505122952,122,12.1194486618042,12.1194486618042,env_helps,env_helps
43,66.58910369873047,59.251861572265625,7.337242126464844,38.015867218257874,10.421019546628937,27.594847671628937,127,11.160143852233887,11.160143852233887,env_helps,env_helps
44,67.42793273925781,60.41645050048828,7.011482238769531,38.74121856689453,13.654247283935547,25.086971282958984,128,10.119528770446777,10.119528770446777,env_helps,env_helps
45,69.42242431640625,61.600704193115234,7.821720123291016,42.20502134811046,14.085479499757753,28.11954184835271,129,11.697300910949707,11.697300910949707,env_helps,env_helps
46,69.69926452636719,62.248695373535156,7.450569152832031,41.53453621031746,14.025584387400794,27.508951822916668,126,11.166521072387695,11.166521072387695,env_helps,env_helps
47,70.50584411621094,62.365901947021484,8.139942169189453,44.548828125,11.945008812881097,32.6038193121189,123,13.487066268920898,13.487066268920898,env_helps,env_helps
48,70.01905059814453,62.57475662231445,7.444293975830078,43.04377205141129,13.176389632686492,29.867382418724794,124,12.99216079711914,12.99216079711914,env_helps,env_helps
49,67.44178771972656,60.919857025146484,6.521930694580078,34.65687561035156,10.851240158081055,23.805635452270508,128,10.639080047607422,10.639080047607422,env_helps,env_helps
50,65.74612426757812,60.43608474731445,5.310039520263672,30.529420946465162,11.49464391489498,19.034777031570183,122,7.934790134429932,7.934790134429932,env_helps,env_helps
51,66.14668273925781,61.28825378417969,4.858428955078125,29.5164921875,11.80390625,17.7125859375,125,7.627436637878418,7.627436637878418,env_helps,env_helps
52,70.9142074584961,64.42139434814453,6.4928131103515625,39.799988731971155,11.428016075721153,28.37197265625,130,13.199625015258789,13.199625015258789,env_helps,env_helps
53,74.76542663574219,67.63311767578125,7.1323089599609375,47.6536874412594,13.21318891711701,34.44049852414239,133,17.962251663208008,17.962251663208008,env_helps,env_helps
54,76.3344497680664,69.17291259765625,7.161537170410156,50.61403086487676,14.36477618150308,36.24925468337368,142,22.125804901123047,22.122610092163086,env_helps,env_helps
55,76.00792694091797,68.768310546875,7.239616394042969,50.13397257760067,15.934376966233222,34.19959561136745,149,23.557880401611328,23.557880401611328,env_helps,env_helps
56,75.48823547363281,65.9671859741211,9.521049499511719,49.904265168425326,15.207785866477273,34.69647930194805,154,21.552013397216797,21.552013397216797,env_helps,env_helps
57,74.46239471435547,62.57863235473633,11.88376235961914,50.793242817540325,13.891475554435484,36.901767263104844,155,20.00880241394043,20.00880241394043,env_helps,env_helps
58,72.99375915527344,60.177886962890625,12.815872192382812,48.35848373964608,13.28792415756777,35.07055958207831,166,18.42681312561035,18.42681312561035,env_helps,env_helps
59,71.02149200439453,58.7656135559082,12.255878448486328,46.908000388340646,14.935982330500732,31.972018057839914,171,17.374858856201172,17.374858856201172,env_helps,env_helps
60,69.52088165283203,56.52920913696289,12.99167251586914,47.53436725895579,13.02831435785061,34.50605290110518,164,17.74582290649414,17.74582290649414,env_helps,env_helps
61,68.5895004272461,57.06987380981445,11.51962661743164,46.4971709280303,16.069161339962122,30.42800958806818,165,17.089675903320312,17.089675903320312,env_helps,env_helps
62,67.66781616210938,57.522457122802734,10.14535903930664,42.447103810864824,17.354375794876454,25.09272801598837,172,15.616179466247559,15.600123405456543,env_helps,env_helps
63,67.42152404785156,56.68061065673828,10.740913391113281,40.13498450969828,13.876358207614942,26.258626302083336,174,15.363641738891602,15.308990478515625,env_helps,env_helps
64,66.48141479492188,56.43798828125,10.043426513671875,35.83769586113062,12.278884030459972,23.55881183067065,178,13.361741065979004,13.321727752685547,env_helps,env_helps
65,63.98484420776367,56.47841262817383,7.506431579589844,28.600114397321427,10.6636474609375,17.936466936383926,175,10.817453384399414,10.744231224060059,env_helps,env_helps
66,63.39838409423828,57.63363265991211,5.764751434326172,24.594369631761698,10.299700463724415,14.294669168037283,171,7.92849588394165,7.8892059326171875,env_helps,env_helps
67,63.05473709106445,59.318660736083984,3.7360763549804688,19.126124252507715,9.08130184220679,10.044822410300926,162,5.589419364929199,5.5738420486450195,env_helps,env_helps
68,64.43653106689453,61.95389175415039,2.4826393127441406,15.214895307647515,8.257595654600156,6.957299653047359,161,3.319370985031128,3.318974018096924,env_helps,env_helps
69,66.92589569091797,65.48236083984375,1.4435348510742188,13.273969014485678,8.472777472601997,4.80119154188368,144,2.105623960494995,2.104804039001465,env_helps,env_helps
70,70.1363296508789,69.44949340820312,0.6868362426757812,10.11118377908303,7.217463806597856,2.893719972485174,137,1.377641201019287,1.3736295700073242,env_helps,env_helps
71,74.5300521850586,74.20965576171875,0.32039642333984375,9.008873859434637,7.189890621272662,1.8189832381619748,131,0.8932604789733887,0.8843106031417847,env_helps,env_helps
72,79.78160858154297,79.82437896728516,-0.0427703857421875,8.090710348334195,7.285274284930269,0.8054360634039259,121,0.626677393913269,0.6139000058174133,env_hurts,env_helps
73,85.09136962890625,85.19384765625,-0.10247802734375,6.9638241722470235,6.620172409784226,0.34365176246279727,105,0.3316834270954132,0.3316834270954132,env_hurts,env_helps
74,87.96858215332031,87.96858215332031,0.0,6.1537081631747155,6.1537081631747155,0.0,110,0.0,0.0,env_neutral,env_neutral
75,88.3822250366211,88.3822250366211,0.0,5.013376596811655,5.013376596811655,0.0,111,0.0,0.0,env_neutral,env_neutral
76,87.74596405029297,87.74596405029297,0.0,6.316404322574013,6.316404322574013,0.0,95,0.0,0.0,env_neutral,env_neutral
77,87.49349975585938,87.24714660644531,0.2463531494140625,14.470057407272197,13.521033741603388,0.9490236656688094,107,0.2614540755748749,0.26138222217559814,env_helps,env_helps
78,87.96734619140625,86.12764739990234,1.8396987915039062,18.80006167763158,12.061749374657346,6.738312302974233,114,2.224151849746704,2.107680320739746,env_helps,env_helps
79,92.60006713867188,85.98180389404297,6.618263244628906,37.796875,14.40101058839813,23.39586441160187,127,9.250188827514648,9.225848197937012,env_helps,env_helps
80,90.37105560302734,82.1587142944336,8.21234130859375,44.58970811631944,11.36115955171131,33.22854856460813,126,14.240904808044434,14.165624618530273,env_helps,env_helps
81,87.94685363769531,81.37116241455078,6.575691223144531,55.68889925373134,17.661836083255597,38.02706317047574,134,22.600866317749023,22.600866317749023,env_helps,env_helps
82,82.0269546508789,74.19803619384766,7.82891845703125,56.001461279653284,15.523054359603103,40.47840692005018,137,23.011022567749023,22.991518020629883,env_helps,env_helps
83,76.43362426757812,69.2895278930664,7.144096374511719,52.01581546431738,16.56947618849734,35.44633927582004,141,23.201814651489258,23.201814651489258,env_helps,env_helps
84,71.87382507324219,64.09295654296875,7.7808685302734375,47.16007545526079,13.490181682778777,33.66989377248201,139,19.916501998901367,19.914518356323242,env_helps,env_helps
85,67.89466857910156,60.2177734375,7.6768951416015625,45.9585106693097,13.80012352786847,32.15838714144123,134,17.106557846069336,17.106557846069336,env_helps,env_helps
86,64.31029510498047,56.827735900878906,7.4825592041015625,42.445528685591604,15.79723841543416,26.648290270157446,131,10.852193832397461,10.852193832397461,env_helps,env_helps
87,64.6511459350586,57.23125457763672,7.419891357421875,46.0932421875,17.24632421875,28.846917968750002,125,11.423479080200195,11.423479080200195,env_helps,env_helps
88,63.482967376708984,56.869808197021484,6.6131591796875,40.33557609498032,16.26609982468012,24.0694762703002,127,9.346290588378906,9.346290588378906,env_helps,env_helps
89,66.499267578125,58.70475769042969,7.7945098876953125,45.280012523854964,14.56485754114981,30.715154982705155,131,13.124673843383789,13.124673843383789,env_helps,env_helps
90,66.17959594726562,58.62299728393555,7.556598663330078,43.12885974702381,12.389555431547619,30.73930431547619,126,12.611115455627441,12.611115455627441,env_helps,env_helps
91,65.59616088867188,58.63143539428711,6.964725494384766,38.43918059593023,11.819330259811046,26.619850336119185,129,11.411691665649414,11.411691665649414,env_helps,env_helps
92,65.18803405761719,58.39582061767578,6.792213439941406,37.259892657520325,10.989285600863822,26.2706070566565,123,10.669342994689941,10.669342994689941,env_helps,env_helps
93,66.70465850830078,59.64432144165039,7.060337066650391,38.0725835755814,12.3640382751938,25.7085453003876,129,11.380232810974121,11.380232810974121,env_helps,env_helps
94,68.33718872070312,60.751991271972656,7.585197448730469,39.096356670673075,10.757108248197115,28.33924842247596,130,11.97765827178955,11.97765827178955,env_helps,env_helps
95,69.61531066894531,62.450931549072266,7.164379119873047,41.00912452290076,11.756863892533397,29.252260630367367,131,14.072052955627441,14.072052955627441,env_helps,env_helps
96,68.93607330322266,62.395538330078125,6.540534973144531,37.57194718070652,12.629280422044838,24.942666758661687,138,12.521646499633789,12.521646499633789,env_helps,env_helps
97,65.9569091796875,60.1585693359375,5.79833984375,30.809557365648676,8.807090065696023,22.002467299952652,132,10.547743797302246,10.547743797302246,env_helps,env_helps
98,65.8089828491211,60.578941345214844,5.23004150390625,28.66547268540112,11.021669302413713,17.643803382987407,134,8.17180061340332,8.17180061340332,env_helps,env_helps
99,66.0996322631836,60.99913024902344,5.100502014160156,29.33244921875,9.851275390625,19.481173828125,125,8.286498069763184,8.286498069763184,env_helps,env_helps
100,72.21155548095703,65.32870483398438,6.882850646972656,44.31953721374046,14.275453989742367,30.044083223998094,131,13.842144012451172,13.842144012451172,env_helps,env_helps
101,74.6047134399414,67.14173126220703,7.462982177734375,46.17608063412409,12.533531912921989,33.642548721202104,137,17.620641708374023,17.616069793701172,env_helps,env_helps
102,76.91555786132812,67.27611541748047,9.639442443847656,49.165260108741556,12.132505674619932,37.03275443412163,148,20.15184211730957,20.14084243774414,env_helps,env_helps
103,77.5405044555664,67.66781616210938,9.872688293457031,50.403436279296876,14.873823547363282,35.5296127319336,160,22.165842056274414,22.165842056274414,env_helps,env_helps
104,78.06599426269531,66.12793731689453,11.938056945800781,58.10818559695513,16.772216796875,41.33596880008013,156,23.243104934692383,23.243104934692383,env_helps,env_helps
105,75.88445281982422,64.3462142944336,11.538238525390625,57.58369641426282,18.050261668669872,39.53343474559294,156,22.948152542114258,22.948152542114258,env_helps,env_helps
106,71.47836303710938,60.469688415527344,11.008674621582031,50.26414229230183,16.504610387290395,33.75953190501143,164,20.502370834350586,20.502370834350586,env_helps,env_helps
107,67.96027374267578,56.6161994934082,11.344074249267578,46.50521240234375,14.120526123046876,32.38468627929687,160,17.66307830810547,17.66307830810547,env_helps,env_helps
108,66.29125213623047,53.95961380004883,12.33163833618164,44.877157592773436,11.384590148925781,33.492567443847655,160,16.128652572631836,16.128652572631836,env_helps,env_helps
109,65.7383041381836,54.759029388427734,10.97927474975586,43.38555046970859,12.922640373370399,30.46291009633819,163,16.863418579101562,16.863418579101562,env_helps,env_helps
110,66.23297882080078,54.41440963745117,11.81856918334961,42.64741443452381,11.209583827427455,31.437830607096355,168,17.105113983154297,17.105113983154297,env_helps,env_helps
111,67.40811157226562,55.978397369384766,11.42971420288086,41.36085087835452,12.999257922846045,28.361592955508474,177,16.440929412841797,16.440929412841797,env_helps,env_helps
112,67.73846435546875,56.015655517578125,11.722808837890625,40.125298713235296,10.021692612591911,30.103606100643383,170,15.835783958435059,15.808123588562012,env_helps,env_helps
113,69.8373031616211,58.810245513916016,11.027057647705078,40.12398937136628,12.665770064952762,27.45821930641352,172,14.862495422363281,14.782845497131348,env_helps,env_helps
114,71.03752136230469,60.157047271728516,10.880474090576172,36.753978291495905,11.699229422814208,25.0547488686817,183,13.677921295166016,13.624571800231934,env_helps,env_helps
115,71.17679595947266,61.79542922973633,9.381366729736328,33.81373697916667,12.046470811631945,21.767266167534725,180,11.785531997680664,11.756439208984375,env_helps,env_helps
116,71.59703826904297,63.029151916503906,8.567886352539062,29.169607791385136,9.91908057960304,19.250527211782096,185,10.541568756103516,10.471649169921875,env_helps,env_helps
117,72.1471176147461,64.43824005126953,7.7088775634765625,28.351057284140172,9.830706822389812,18.52035046175036,173,9.156057357788086,8.995484352111816,env_helps,env_helps
118,73.61595916748047,66.85870361328125,6.757255554199219,29.79611446496212,12.802697383996213,16.993417080965905,165,7.894193172454834,7.811685085296631,env_helps,env_helps
119,73.18851470947266,66.92134094238281,6.267173767089844,25.349081910686728,9.422400203751929,15.926681706934799,162,7.007769584655762,6.969000339508057,env_helps,env_helps
120,73.2436752319336,68.66503143310547,4.578643798828125,21.699557396673388,9.19001228578629,12.509545110887098,155,5.367196083068848,5.27580451965332,env_helps,env_helps
121,74.36893463134766,70.69283294677734,3.6761016845703125,19.809030633223685,9.489684255499588,10.319346377724097,152,4.474453449249268,4.378280162811279,env_helps,env_helps
122,74.45128631591797,71.79029846191406,2.6609878540039062,17.182620337701614,9.667242628528227,7.5153777091733875,155,3.3626646995544434,3.237384080886841,env_helps,env_helps
123,70.6082763671875,70.1075210571289,0.5007553100585938,7.873064826516544,6.377718308392693,1.495346518123851,136,0.5837774872779846,0.5705540776252747,env_helps,env_helps
124,70.4596939086914,70.4596939086914,0.0,6.2996005859375,6.2996005859375,0.0,125,0.0,0.0,env_neutral,env_neutral
125,70.54053497314453,70.54053497314453,0.0,7.250562195384174,7.250562195384174,0.0,109,0.0,0.0,env_neutral,env_neutral
126,72.13389587402344,72.13389587402344,0.0,6.935951010694781,6.935951010694781,0.0,103,0.0,0.0,env_neutral,env_neutral
127,75.3194351196289,75.31652069091797,0.0029144287109375,9.071952488111412,9.0617919921875,0.01016049592391255,115,0.002921142615377903,0.002921142615377903,env_helps,env_helps
128,78.61871337890625,78.51509094238281,0.1036224365234375,9.003016421669408,8.639428925095944,0.363587496573464,114,0.19219142198562622,0.16282878816127777,env_helps,env_helps
129,80.78903198242188,80.40386962890625,0.385162353515625,13.29136962890625,11.996143595377605,1.2952260335286443,120,0.4669276475906372,0.43506088852882385,env_helps,env_helps
130,81.15350341796875,80.14775085449219,1.0057525634765625,14.986211732376454,11.547589442526647,3.438622289849807,129,2.007084846496582,1.4777065515518188,env_helps,env_helps
131,82.74549865722656,79.19022369384766,3.5552749633789062,24.830455433238637,12.425877426609848,12.404578006628789,132,5.143394947052002,5.080592155456543,env_helps,env_helps
132,80.4981460571289,76.41384887695312,4.084297180175781,23.846787780295802,9.06944962130248,14.777338158993322,131,6.349426746368408,6.322753429412842,env_helps,env_helps
133,82.8487319946289,77.27461242675781,5.574119567871094,34.43417295258621,13.852520541487069,20.581652411099142,145,10.804254531860352,10.754737854003906,env_helps,env_helps
134,78.6664810180664,73.38848876953125,5.277992248535156,30.4468564315581,11.129666180677816,19.317190250880284,142,9.369811058044434,9.369115829467773,env_helps,env_helps
135,80.5915298461914,73.15404510498047,7.4374847412109375,40.1103052292427,12.560147696167883,27.550157533074817,137,12.712372779846191,12.653253555297852,env_helps,env_helps
136,78.68933868408203,72.08020782470703,6.609130859375,38.555153917910445,12.00155320808069,26.553600709829755,134,13.1699857711792,13.165633201599121,env_helps,env_helps
137,79.69418334960938,72.45934295654297,7.234840393066406,46.128335391773895,12.809681611902574,33.31865377987132,136,17.72710418701172,17.72710418701172,env_helps,env_helps
138,76.39557647705078,69.57068634033203,6.82489013671875,41.58409519060284,11.885004571143616,29.69909061945922,141,16.3624267578125,16.353456497192383,env_helps,env_helps
139,74.55958557128906,66.67817687988281,7.88140869140625,43.74980399977993,11.785770040162852,31.964033959617076,142,16.985519409179688,16.9788761138916,env_helps,env_helps
140,74.08342742919922,66.08659362792969,7.996833801269531,45.47764203337585,14.657083731930273,30.82055830144558,147,16.16753387451172,16.167198181152344,env_helps,env_helps
141,75.85411834716797,67.10151672363281,8.752601623535156,54.8917620465472,20.957785866477273,33.933976180069926,143,16.519617080688477,16.5120792388916,env_helps,env_helps
142,71.60643005371094,63.355525970458984,8.250904083251953,45.12459136746454,14.623822584219859,30.50076878324468,141,14.647900581359863,14.629934310913086,env_helps,env_helps
143,68.21973419189453,62.01237487792969,6.207359313964844,37.26187240493881,14.94789219569493,22.313980209243883,143,13.96357536315918,13.852883338928223,env_helps,env_helps
144,65.94351196289062,60.950401306152344,4.993110656738281,32.75840414005474,14.187916999315693,18.57048714073905,137,11.893216133117676,11.866235733032227,env_helps,env_helps
145,64.47129821777344,61.813114166259766,2.658184051513672,27.815632841012775,15.789545435104927,12.026087405907848,137,12.421863555908203,12.420085906982422,env_helps,env_helps
146,63.95463943481445,61.658084869384766,2.2965545654296875,24.48358020643248,13.95352239678376,10.530057809648723,137,10.57579231262207,10.57579231262207,env_helps,env_helps
147,65.0391845703125,62.45378875732422,2.5853958129882812,24.672467912946427,13.772438267299107,10.90002964564732,140,9.628264427185059,9.628264427185059,env_helps,env_helps
148,68.06593322753906,64.3956527709961,3.6702804565429688,29.311760700924296,12.844994773327464,16.466765927596832,142,11.775369644165039,11.76283073425293,env_helps,env_helps
149,72.46729278564453,65.84304809570312,6.624244689941406,35.676088075380065,11.99087112014358,23.685216955236484,148,12.740447044372559,12.721416473388672,env_helps,env_helps
150,76.40181732177734,68.46624755859375,7.935569763183594,44.63405147215136,15.899510390093537,28.734541082057824,147,15.36197280883789,15.292366027832031,env_helps,env_helps
151,76.88350677490234,68.47010803222656,8.413398742675781,43.798119329637096,13.399491242439517,30.39862808719758,155,17.946504592895508,17.91618537902832,env_helps,env_helps
152,76.36843872070312,68.9526596069336,7.415779113769531,44.86738725142045,16.72718077820617,28.140206473214285,154,18.77166175842285,18.77166175842285,env_helps,env_helps
153,74.68545532226562,68.71772766113281,5.9677276611328125,45.49299910261824,23.512706859691722,21.98029224292652,148,16.148826599121094,16.148826599121094,env_helps,env_helps
154,69.73452758789062,61.99794006347656,7.7365875244140625,34.98500279017857,13.11720810927354,21.86779468090503,154,10.904439926147461,10.904439926147461,env_helps,env_helps
155,67.809814453125,60.43019104003906,7.3796234130859375,32.11136755143634,12.36753551412073,19.743832037315606,161,10.301252365112305,10.297194480895996,env_helps,env_helps
156,68.10289764404297,60.44221496582031,7.660682678222656,32.70005744485294,12.48151424632353,20.21854319852941,170,11.455999374389648,11.455999374389648,env_helps,env_helps
157,67.93093872070312,60.088966369628906,7.841972351074219,32.40911115679825,10.798125685307017,21.61098547149123,171,12.895634651184082,12.895634651184082,env_helps,env_helps
158,69.15660858154297,61.69484329223633,7.461765289306641,33.30652815572331,12.165704277124298,21.140823878599015,178,14.810253143310547,14.810253143310547,env_helps,env_helps
159,70.43585968017578,61.98429870605469,8.451560974121094,35.96199873554913,12.633378398211706,23.328620337337426,173,14.632719993591309,14.632719993591309,env_helps,env_helps
160,71.91228485107422,64.10643768310547,7.80584716796875,34.751302083333336,14.125192110655737,20.626109972677597,183,15.122542381286621,15.122542381286621,env_helps,env_helps
161,72.815673828125,64.23994445800781,8.575729370117188,35.62530417520492,14.260020438439208,21.36528373676571,183,14.513060569763184,14.513060569763184,env_helps,env_helps
162,72.36888885498047,63.963008880615234,8.405879974365234,34.123099378360216,14.913391769573252,19.209707608786964,186,12.862879753112793,12.849449157714844,env_helps,env_helps
163,71.63032531738281,63.33802795410156,8.29229736328125,32.04634060329861,13.29220920138889,18.75413140190972,180,11.410226821899414,11.367270469665527,env_helps,env_helps
164,71.40261840820312,63.229774475097656,8.172843933105469,29.81865072513812,11.587906811118785,18.230743914019335,181,10.411979675292969,10.373669624328613,env_helps,env_helps
165,72.11731719970703,64.19953155517578,7.91778564453125,29.497167429212706,11.693281142092541,17.803886287120164,181,9.844297409057617,9.829123497009277,env_helps,env_helps
166,72.85176086425781,65.19099426269531,7.6607666015625,29.38588781524123,11.147076166164108,18.23881164907712,171,8.87076187133789,8.870567321777344,env_helps,env_helps
167,73.3110122680664,66.55579376220703,6.755218505859375,27.805734234655688,11.257458715381736,16.54827551927395,167,7.8146843910217285,7.8146843910217285,env_helps,env_helps
168,72.95799255371094,67.48876953125,5.4692230224609375,23.290346827651515,9.612566583806819,13.677780243844696,165,6.397219181060791,6.390984535217285,env_helps,env_helps
169,73.16973876953125,68.67304992675781,4.4966888427734375,21.601416326632165,9.87840086335589,11.723015463276274,157,4.9053215980529785,4.904036521911621,env_helps,env_helps
170,73.07968139648438,70.42589569091797,2.6537857055664062,17.56904361122533,10.304751747532896,7.264291863692433,152,3.3328239917755127,3.328146457672119,env_helps,env_helps
171,71.27263641357422,70.95811462402344,0.31452178955078125,8.19905283753301,7.313087141010123,0.885965696522887,142,0.4097934067249298,0.4097934067249298,env_helps,env_helps
172,72.71251678466797,72.71251678466797,0.0,7.331638023501537,7.331638023501537,0.0,122,0.0,0.0,env_neutral,env_neutral
173,73.75336456298828,73.75336456298828,0.0,6.020075284517729,6.020075284517729,0.0,104,0.0,0.0,env_neutral,env_neutral
174,77.06063079833984,77.06063079833984,0.0,5.577994914970013,5.577994914970013,0.0,99,0.0,0.0,env_neutral,env_neutral
175,81.280029296875,81.280029296875,0.0,6.709523326945755,6.709523326945755,0.0,106,0.0,0.0,env_neutral,env_neutral
176,85.7711410522461,85.7711410522461,0.0,8.420643397739955,8.420643397739955,0.0,112,0.0,0.0,env_neutral,env_neutral
177,88.38420867919922,88.2973861694336,0.086822509765625,9.586545817057292,9.297090657552083,0.2894551595052093,120,0.17006485164165497,0.08090793341398239,env_helps,env_helps
178,89.65435791015625,89.48709869384766,0.16725921630859375,12.240024820963542,11.652674357096354,0.5873504638671889,120,0.648929238319397,0.16969165205955505,env_helps,env_helps
179,89.91885375976562,87.97271728515625,1.946136474609375,21.545797025240386,15.00225830078125,6.543538724459136,130,2.5321223735809326,2.330130100250244,env_helps,env_helps
180,87.36963653564453,84.866943359375,2.5026931762695312,21.404736700858777,13.296330808683207,8.10840589217557,131,3.2447445392608643,3.128568649291992,env_helps,env_helps
181,85.96398162841797,82.01671600341797,3.947265625,24.55681526573905,11.15585260321624,13.40096266252281,137,6.574213981628418,6.532100200653076,env_helps,env_helps
182,84.38043212890625,79.6321029663086,4.748329162597656,26.93173020177608,11.390197314804407,15.541532886971673,139,6.736772060394287,6.734533786773682,env_helps,env_helps
183,83.88825988769531,77.98870086669922,5.899559020996094,34.97021838201993,11.021355228147645,23.948863153872285,138,12.796904563903809,12.787779808044434,env_helps,env_helps
184,80.27801513671875,74.3782730102539,5.899742126464844,33.798608054577464,12.08184384628081,21.716764208296652,142,11.610815048217773,11.610815048217773,env_helps,env_helps
185,77.86658477783203,70.90473175048828,6.96185302734375,36.31002205569728,10.37391216252126,25.936109893176024,147,13.719839096069336,13.719839096069336,env_helps,env_helps
186,76.33441162109375,69.6807632446289,6.653648376464844,37.995629538952464,12.583310409330986,25.41231912962148,142,13.382309913635254,13.382309913635254,env_helps,env_helps
187,74.918701171875,68.90696716308594,6.0117340087890625,38.28093364876761,14.353586975957306,23.9273466728103,142,14.491504669189453,14.491504669189453,env_helps,env_helps
188,73.2912368774414,66.09574127197266,7.19549560546875,37.49249757641423,11.724146042427007,25.76835153398722,137,11.934730529785156,11.934730529785156,env_helps,env_helps
189,71.0047378540039,65.02587127685547,5.9788665771484375,34.48095010527482,12.68775020085328,21.79319990442154,141,11.737582206726074,11.737582206726074,env_helps,env_helps
190,70.8443832397461,63.707149505615234,7.137233734130859,37.20387137276786,13.68363996233259,23.520231410435265,140,10.383039474487305,10.383039474487305,env_helps,env_helps
191,70.36836242675781,64.083984375,6.2843780517578125,37.14627859933036,14.467970493861607,22.67830810546875,140,12.683192253112793,12.683192253112793,env_helps,env_helps
192,67.87156677246094,63.135108947753906,4.736457824707031,30.05390625,12.651515415736608,17.402390834263393,140,11.153202056884766,11.153202056884766,env_helps,env_helps
193,69.36045837402344,62.94942855834961,6.411029815673828,36.18369732481061,13.958268599076705,22.225428725733906,132,9.565739631652832,9.562870979309082,env_helps,env_helps
194,68.7528305053711,62.822898864746094,5.929931640625,31.7969970703125,10.870919620289522,20.92607745002298,136,9.9302396774292,9.9302396774292,env_helps,env_helps
195,69.70993041992188,64.45829010009766,5.251640319824219,31.632363423813867,10.888555150832573,20.743808272981294,137,11.076189041137695,11.076189041137695,env_helps,env_helps
196,71.90792846679688,65.64987182617188,6.258056640625,34.81617906358507,12.189413282606337,22.62676578097873,144,11.617023468017578,11.617023468017578,env_helps,env_helps
197,73.4652328491211,66.26435852050781,7.200874328613281,38.386254538952464,12.498602208956866,25.887652329995596,142,12.611546516418457,12.611202239990234,env_helps,env_helps
198,74.3057632446289,66.70648193359375,7.599281311035156,37.59530598958333,11.68375,25.91155598958333,150,13.51443099975586,13.51443099975586,env_helps,env_helps
199,75.3648910522461,67.34608459472656,8.018806457519531,40.20650390625,14.3683447265625,25.8381591796875,150,12.408029556274414,12.408024787902832,env_helps,env_helps
200,73.87713623046875,66.1739501953125,7.70318603515625,35.46117396324686,13.0169731476022,22.444200815644656,159,11.49216079711914,11.491768836975098,env_helps,env_helps
201,69.18482971191406,62.43821716308594,6.746612548828125,27.843264889407468,9.555926434405439,18.28733845500203,154,8.551305770874023,8.548293113708496,env_helps,env_helps
202,66.37834167480469,61.50688552856445,4.871456146240234,23.137703290951798,10.006051655688317,13.13165163526348,153,6.489223480224609,6.474584579467773,env_helps,env_helps
203,64.5181655883789,61.196834564208984,3.321331024169922,19.483260589392007,10.185929694143283,9.297330895248724,147,5.657655715942383,5.614543914794922,env_helps,env_helps
204,65.52427673339844,61.763954162597656,3.7603225708007812,21.16250997194102,10.405062823228434,10.757447148712586,142,5.000813007354736,4.988868713378906,env_helps,env_helps
205,66.01770782470703,62.415283203125,3.6024246215820312,18.49576712943412,8.686757680532095,9.809009448902026,148,4.413796424865723,4.39316987991333,env_helps,env_helps
206,69.94737243652344,66.92735290527344,3.02001953125,25.574289466594827,17.24836678340517,8.325922683189656,145,3.245112895965576,3.2252941131591797,env_helps,env_helps
207,71.99193572998047,68.84465789794922,3.14727783203125,25.046296176531456,16.695698921254138,8.350597255277318,151,3.335642099380493,3.3068649768829346,env_helps,env_helps
208,69.41442108154297,67.12692260742188,2.2874984741210938,13.618174810829403,7.9414645980739,5.676710212755504,159,2.9934401512145996,2.8590292930603027,env_helps,env_helps
209,70.0529556274414,68.44105529785156,1.6119003295898438,11.6462644919371,7.496434920873398,4.149829571063702,156,1.9064304828643799,1.7647922039031982,env_helps,env_helps
210,81.4970932006836,80.7618179321289,0.7352752685546875,34.02494163074713,32.2777310075431,1.747210623204026,174,0.9712821245193481,0.7352754473686218,env_helps,env_helps
211,78.43363189697266,76.74349212646484,1.6901397705078125,22.48105351796407,18.32926237369012,4.15179114427395,167,2.202725410461426,2.1613473892211914,env_helps,env_helps
212,74.88188171386719,75.2653579711914,-0.38347625732421875,9.353025574615037,10.409375176913496,-1.056349602298459,138,1.1239774227142334,1.1239774227142334,env_hurts,env_hurts
213,75.89982604980469,76.37256622314453,-0.47274017333984375,10.195048384232955,11.914125754616478,-1.7190773703835234,110,0.6442109942436218,0.6442109942436218,env_hurts,env_hurts
214,77.18568420410156,77.18421936035156,0.00146484375,6.70029801588792,6.694671630859375,0.0056263850285454,104,0.0014628601493313909,0.0014628601493313909,env_helps,env_helps
215,81.70281982421875,81.70281982421875,0.0,7.70629145024897,7.70629145024897,0.0,91,0.0,0.0,env_neutral,env_neutral
216,87.66064453125,87.66064453125,0.0,11.44312791700487,11.44312791700487,0.0,77,0.0,0.0,env_neutral,env_neutral
217,90.483642578125,90.483642578125,0.0,7.0067821301912,7.0067821301912,0.0,76,0.0,0.0,env_neutral,env_neutral
218,91.70943450927734,91.70943450927734,0.0,5.308896451383023,5.308896451383023,0.0,74,0.0,0.0,env_neutral,env_neutral
219,94.21575927734375,94.21575927734375,0.0,4.269593738374256,4.269593738374256,0.0,84,0.0,0.0,env_neutral,env_neutral
220,98.27639770507812,98.27639770507812,0.0,4.86188368363814,4.86188368363814,0.0,88,0.0,0.0,env_neutral,env_neutral
221,103.8881607055664,104.044921875,-0.15676116943359375,18.182955600247524,16.876866104579207,1.3060894956683171,101,0.816325843334198,0.816325843334198,env_hurts,env_helps
222,107.0165786743164,105.43875122070312,1.5778274536132812,21.672110421316965,10.968246459960938,10.703863961356028,112,4.677619457244873,4.664167881011963,env_helps,env_helps
223,109.83822631835938,105.09757995605469,4.7406463623046875,35.437924429086536,13.154773888221154,22.283150540865382,130,11.1940336227417,11.1940336227417,env_helps,env_helps
224,106.59441375732422,98.8541030883789,7.7403106689453125,42.62381784539474,13.717444857260338,28.9063729881344,133,12.65829849243164,12.623686790466309,env_helps,env_helps
225,98.83464813232422,90.83582305908203,7.9988250732421875,45.870372099034924,14.636550903320312,31.23382119571461,136,16.361780166625977,16.33380699157715,env_helps,env_helps
226,92.74085998535156,82.9792709350586,9.761589050292969,51.241752292798914,16.699415123980977,34.54233716881794,138,16.050142288208008,16.036334991455078,env_helps,env_helps
227,84.34435272216797,76.94573211669922,7.39862060546875,51.54954004651717,21.142619125715647,30.406920920801525,131,17.35259246826172,17.35259246826172,env_helps,env_helps
228,80.04060363769531,71.54251861572266,8.498085021972656,54.2390859375,22.24843359375,31.99065234375,125,14.672259330749512,14.621557235717773,env_helps,env_helps
229,72.56641387939453,65.1806411743164,7.385772705078125,45.753759765625,17.72396036783854,28.02979939778646,120,12.679245948791504,12.679245948791504,env_helps,env_helps
230,66.51282501220703,60.615325927734375,5.897499084472656,35.20262030593487,12.461920217305673,22.740700088629197,119,9.702591896057129,9.702591896057129,env_helps,env_helps
231,65.24752044677734,59.212196350097656,6.0353240966796875,34.156931979597104,11.73899046842717,22.417941511169936,121,8.53492546081543,8.53492546081543,env_helps,env_helps
232,64.58720397949219,59.279930114746094,5.307273864746094,31.82155106707317,12.771985557990346,19.049565509082825,123,7.0458197593688965,7.0458197593688965,env_helps,env_helps
233,66.21536254882812,60.1236457824707,6.091716766357422,36.90290934244792,14.44605204264323,22.45685729980469,120,8.05713939666748,8.05713939666748,env_helps,env_helps
234,66.65188598632812,60.43312072753906,6.2187652587890625,34.1890140503876,12.524688484132753,21.664325566254846,129,8.49806022644043,8.49806022644043,env_helps,env_helps
235,66.27969360351562,60.22511672973633,6.054576873779297,30.725501353346456,9.818972610113189,20.906528743233267,127,8.149029731750488,8.149029731750488,env_helps,env_helps
236,66.84325408935547,61.690128326416016,5.153125762939453,29.321946667086692,10.366898075226814,18.955048591859878,124,8.471447944641113,8.471447944641113,env_helps,env_helps
237,70.90665435791016,64.83650207519531,6.070152282714844,38.22256819928279,14.880842365202357,23.341725834080435,122,9.136618614196777,9.136078834533691,env_helps,env_helps
238,70.57058715820312,64.99180603027344,5.5787811279296875,34.0300234375,11.211833984375,22.818189453125,125,10.926064491271973,10.915614128112793,env_helps,env_helps
239,73.19950866699219,66.26065826416016,6.938850402832031,40.52980437992126,16.064207062007874,24.465597317913385,127,9.347993850708008,9.347993850708008,env_helps,env_helps
240,74.13359069824219,67.56836700439453,6.565223693847656,42.33938574975775,19.10208863250969,23.237297117248062,129,9.311506271362305,9.310400009155273,env_helps,env_helps
241,72.6078109741211,66.45843505859375,6.149375915527344,38.151671424278845,15.740142352764423,22.411529071514423,130,9.126871109008789,9.126871109008789,env_helps,env_helps
242,71.12025451660156,65.51910400390625,5.6011505126953125,31.23856784986413,13.614990234375,17.62357761548913,138,7.111703872680664,7.111703872680664,env_helps,env_helps
243,71.18073272705078,65.53570556640625,5.645027160644531,33.430291328721374,14.374693426467081,19.05559790225429,131,7.432072639465332,7.432072639465332,env_helps,env_helps
244,75.84222412109375,68.93307495117188,6.909149169921875,45.056990438432834,17.99746385261194,27.059526585820894,134,12.133200645446777,12.133200645446777,env_helps,env_helps
245,79.9078598022461,72.02102661132812,7.886833190917969,51.54039417613637,16.815272618006993,34.72512155812937,143,18.806467056274414,18.806467056274414,env_helps,env_helps
246,80.44001770019531,73.28316497802734,7.156852722167969,46.901004815251575,15.665860541961479,31.235144273290096,159,22.63894271850586,22.63894271850586,env_helps,env_helps
247,80.6311264038086,71.63961029052734,8.99151611328125,46.478794642857146,16.003789992559526,30.47500465029762,168,20.90274429321289,20.90274429321289,env_helps,env_helps
248,79.11473083496094,68.30238342285156,10.812347412109375,47.47175662878788,17.002388139204545,30.469368489583335,165,17.65172576904297,17.643953323364258,env_helps,env_helps
249,77.1413345336914,64.74951934814453,12.391815185546875,47.24071059992284,15.237925588348766,32.002785011574076,162,15.765724182128906,15.765724182128906,env_helps,env_helps
250,74.53345489501953,62.50709915161133,12.026355743408203,44.43081384202454,13.799249005463958,30.631564836560585,163,15.708996772766113,15.708996772766113,env_helps,env_helps
251,72.37275695800781,60.953895568847656,11.418861389160156,40.65834304184941,13.205977590460526,27.452365451388886,171,14.382207870483398,14.382207870483398,env_helps,env_helps
252,71.05863952636719,59.36793899536133,11.69070053100586,39.648753274700596,11.068083072136975,28.58067020256362,167,13.81528091430664,13.81528091430664,env_helps,env_helps
253,70.12046813964844,59.69715881347656,10.423309326171875,37.81049262152778,11.675877700617283,26.134614920910494,162,13.1652193069458,13.1652193069458,env_helps,env_helps
254,69.88738250732422,60.154510498046875,9.732872009277344,36.14232949098926,12.055066442197086,24.087263048792174,163,11.576831817626953,11.576385498046875,env_helps,env_helps
255,66.81509399414062,59.4587287902832,7.356365203857422,27.103427381400603,9.365991799228162,17.73743558217244,166,9.154854774475098,9.147438049316406,env_helps,env_helps
256,64.81706237792969,60.978546142578125,3.8385162353515625,21.45058047845497,11.94230320142663,9.50827727702834,161,6.550494194030762,6.516100883483887,env_helps,env_helps
257,64.5155258178711,61.174705505371094,3.3408203125,17.938254192376593,9.387770731737659,8.550483460638935,157,4.126752853393555,4.081305027008057,env_helps,env_helps
258,64.65294647216797,62.55615234375,2.0967941284179688,12.398532104492187,7.071689605712891,5.326842498779296,160,2.75492787361145,2.7355856895446777,env_helps,env_helps
259,66.23626708984375,65.16271209716797,1.0735549926757812,8.729967360528523,5.847668129325713,2.8822992312028095,149,1.359729290008545,1.359729290008545,env_helps,env_helps
260,69.2542724609375,68.93220520019531,0.3220672607421875,7.106950573455122,6.138305205151551,0.9686453683035712,133,0.375430703163147,0.375430703163147,env_helps,env_helps
261,73.11311340332031,73.0859375,0.0271759033203125,5.88568845569578,5.79277834117922,0.09291011451655962,117,0.027176132425665855,0.027176132425665855,env_helps,env_helps
262,77.43701934814453,77.43701934814453,0.0,4.775967379228784,4.775967379228784,0.0,109,0.0,0.0,env_neutral,env_neutral
263,82.9317398071289,82.9317398071289,0.0,5.669458870935922,5.669458870935922,0.0,99,0.0,0.0,env_neutral,env_neutral
264,88.62976837158203,88.62976837158203,0.0,6.024210611979167,6.024210611979167,0.0,81,0.0,0.0,env_neutral,env_neutral
265,92.9043960571289,92.9043960571289,0.0,5.005311730789812,5.005311730789812,0.0,73,0.0,0.0,env_neutral,env_neutral
266,95.71118927001953,95.71118927001953,0.0,5.241024441189236,5.241024441189236,0.0,72,0.0,0.0,env_neutral,env_neutral
267,96.8233871459961,96.8233871459961,0.0,4.865041757558847,4.865041757558847,0.0,77,0.0,0.0,env_neutral,env_neutral
268,94.90153503417969,94.90153503417969,0.0,6.263994598388672,6.263994598388672,0.0,80,0.0,0.0,env_neutral,env_neutral
269,94.38664245605469,94.11882781982422,0.26781463623046875,12.54732666015625,10.53857421875,2.0087524414062496,100,0.7366397380828857,0.7365551590919495,env_helps,env_helps
270,94.94622039794922,93.17383575439453,1.7723846435546875,19.54123557150901,11.97107153540259,7.570164036106419,111,2.709613084793091,2.5142459869384766,env_helps,env_helps
271,96.8519515991211,90.63176727294922,6.220184326171875,35.241431568287034,13.460801866319445,21.78062970196759,135,8.689554214477539,8.689554214477539,env_helps,env_helps
272,93.32051086425781,83.99629974365234,9.324211120605469,44.99665798611111,13.163672779224537,31.832985206886573,135,12.679603576660156,12.640515327453613,env_helps,env_helps
273,88.10836029052734,78.90357208251953,9.204788208007812,51.241809253961264,15.570993342869718,35.670815911091545,142,18.850786209106445,18.850786209106445,env_helps,env_helps
274,82.40987396240234,72.59322357177734,9.816650390625,54.14956266983695,16.475486865942027,37.67407580389492,138,19.559955596923828,19.559955596923828,env_helps,env_helps
275,78.75808715820312,70.18990325927734,8.568183898925781,58.37919235229492,24.033008575439453,34.34618377685547,128,19.177501678466797,19.177501678466797,env_helps,env_helps
276,74.52735137939453,64.81817626953125,9.709175109863281,54.05179537259615,20.469884314903847,33.58191105769231,130,15.74047565460205,15.723666191101074,env_helps,env_helps
277,69.39457702636719,59.437538146972656,9.957038879394531,50.03731413810484,13.755702849357359,36.281611288747484,124,14.485097885131836,14.474440574645996,env_helps,env_helps
278,64.33226013183594,56.80067443847656,7.531585693359375,41.46832575563525,12.412417552510245,29.055908203125004,122,11.715034484863281,11.715034484863281,env_helps,env_helps
279,63.678279876708984,56.131893157958984,7.54638671875,40.834818522135414,11.39878641764323,29.436032104492185,120,10.9502592086792,10.9502592086792,env_helps,env_helps
280,63.21430587768555,57.013553619384766,6.200752258300781,36.45085856119792,13.321636962890626,23.129221598307293,120,8.939875602722168,8.939875602722168,env_helps,env_helps
281,66.16698455810547,58.44856262207031,7.718421936035156,43.820475260416664,12.632232405181623,31.18824285523504,117,11.564803123474121,11.564803123474121,env_helps,env_helps
282,67.0202407836914,59.557491302490234,7.462749481201172,42.357729019657256,14.210432483303931,28.147296536353323,124,11.071040153503418,11.071040153503418,env_helps,env_helps
283,66.25827026367188,59.415069580078125,6.84320068359375,37.52165234375,11.72012890625,25.8015234375,125,10.42828369140625,10.42828369140625,env_helps,env_helps
284,65.7579574584961,60.00856399536133,5.749393463134766,32.90894717261905,11.395251077318948,21.513696095300105,126,9.931999206542969,9.931999206542969,env_helps,env_helps
285,69.02842712402344,61.61767578125,7.4107513427734375,39.29300335260827,12.141812061700294,27.151191290907974,127,11.022651672363281,11.022651672363281,env_helps,env_helps
286,69.90751647949219,62.61787033081055,7.289646148681641,40.6758515625,12.71380859375,27.962042968749998,125,11.397727012634277,11.395949363708496,env_helps,env_helps
287,71.5478515625,63.6402702331543,7.907581329345703,44.14739173228347,12.989346241387794,31.158045490895674,127,12.813283920288086,12.813283920288086,env_helps,env_helps
288,70.4925308227539,63.80135726928711,6.691173553466797,39.91956881009615,12.807699819711539,27.111868990384615,130,12.077927589416504,12.0768461227417,env_helps,env_helps
289,68.5110855102539,62.52785110473633,5.983234405517578,34.85845947265625,11.349613189697266,23.508846282958984,128,10.365488052368164,10.365488052368164,env_helps,env_helps
290,66.67601013183594,61.7125129699707,4.963497161865234,30.465287642045453,11.861225222753099,18.604062419292354,121,7.9978928565979,7.9978928565979,env_helps,env_helps
291,66.47782897949219,61.71586990356445,4.761959075927734,29.661279296875,12.079961140950521,17.581318155924478,120,7.299116611480713,7.299116611480713,env_helps,env_helps
292,71.28436279296875,64.82882690429688,6.455535888671875,38.88476941012597,12.06315671935562,26.82161269077035,129,12.113753318786621,12.113753318786621,env_helps,env_helps
293,74.53981018066406,67.19038391113281,7.34942626953125,43.174323640046296,11.073291015625,32.10103262442129,135,16.551485061645508,16.551485061645508,env_helps,env_helps
294,77.19416046142578,68.67941284179688,8.514747619628906,47.310207790798614,12.571645100911459,34.738562689887154,144,19.203432083129883,19.203432083129883,env_helps,env_helps
295,77.19989013671875,67.48463439941406,9.715255737304688,50.24542666153169,13.949421627420774,36.29600503411091,142,18.715538024902344,18.715538024902344,env_helps,env_helps
296,75.67382049560547,65.71507263183594,9.958747863769531,45.85820057189542,14.220952052696079,31.637248519199346,153,17.6715087890625,17.6715087890625,env_helps,env_helps
297,74.39227294921875,63.070655822753906,11.321617126464844,47.81417554045377,14.289985552226028,33.52418998822774,146,15.9429349899292,15.9429349899292,env_helps,env_helps
298,72.21773529052734,60.3003044128418,11.917430877685547,44.9300820053808,11.969151781094785,32.96093022428601,151,15.159480094909668,15.159480094909668,env_helps,env_helps
299,70.77276611328125,58.569766998291016,12.202999114990234,44.50298602764423,12.243045122195513,32.25994090544872,156,14.207300186157227,14.207300186157227,env_helps,env_helps
300,70.5123519897461,58.865386962890625,11.646965026855469,45.00984950153374,15.58376270130368,29.426086800230063,163,14.826114654541016,14.826114654541016,env_helps,env_helps
301,68.40055847167969,57.007347106933594,11.393211364746094,41.605859981560556,12.225400936529503,29.380459045031053,161,14.653602600097656,14.638276100158691,env_helps,env_helps
302,67.80512237548828,56.364620208740234,11.440502166748047,38.79806463068182,10.446619022253788,28.351445608428033,165,13.82070541381836,13.774833679199219,env_helps,env_helps
303,65.76020812988281,56.880428314208984,8.879779815673828,33.11004601226994,11.470899336177148,21.639146676092793,163,11.265546798706055,11.141366004943848,env_helps,env_helps
304,64.31832122802734,57.488739013671875,6.829582214355469,28.358238636363637,11.404811789772728,16.953426846590908,165,7.753521919250488,7.645829677581787,env_helps,env_helps
305,62.47230529785156,58.423397064208984,4.048908233642578,20.834462422810628,10.499907168085704,10.334555254724924,167,5.1424126625061035,4.961531162261963,env_helps,env_helps
306,62.55259323120117,59.852874755859375,2.699718475341797,15.829466284775153,8.6754463009718,7.154019983803353,164,3.3017666339874268,3.265988826751709,env_helps,env_helps
307,63.181209564208984,61.74970626831055,1.4315032958984375,10.886719553094162,6.865987677323191,4.020731875770971,152,1.7687214612960815,1.7383748292922974,env_helps,env_helps
308,66.02685546875,65.64302062988281,0.3838348388671875,8.443723060344828,7.120521282327586,1.3232017780172418,145,0.5910703539848328,0.5900715589523315,env_helps,env_helps
309,70.09053039550781,70.1204605102539,-0.02993011474609375,6.8934184933496905,6.519217499031508,0.37420099431818254,121,0.31147754192352295,0.2778126895427704,env_hurts,env_helps
310,74.96101379394531,75.00586700439453,-0.04485321044921875,6.196041920146004,6.12865710649334,0.06738481365266402,122,0.08595741540193558,0.08595741540193558,env_hurts,env_helps
311,80.75048065185547,80.7728500366211,-0.022369384765625,5.350283946161685,5.350283946161685,0.0,115,0.022374892607331276,0.022374892607331276,env_hurts,env_neutral
312,87.0537109375,87.0537109375,0.0,6.403473578559028,6.403473578559028,0.0,90,0.0,0.0,env_neutral,env_neutral
313,91.4906234741211,91.4906234741211,0.0,5.756424305050872,5.756424305050872,0.0,86,0.0,0.0,env_neutral,env_neutral
314,94.43783569335938,94.43783569335938,0.0,5.6179078567859735,5.6179078567859735,0.0,86,0.0,0.0,env_neutral,env_neutral
315,94.1657485961914,94.1657485961914,0.0,5.240958023071289,5.240958023071289,0.0,80,0.0,0.0,env_neutral,env_neutral
316,89.85037231445312,89.85037231445312,0.0,5.535054769860693,5.535054769860693,0.0,83,0.0,0.0,env_neutral,env_neutral
317,88.11308288574219,87.6063003540039,0.5067825317382812,11.034633443813131,8.643277871488321,2.3913555723248106,99,0.6987904906272888,0.6987904906272888,env_helps,env_helps
318,88.8521957397461,86.70074462890625,2.1514511108398438,19.127645617333528,10.577709732768692,8.549935884564835,107,2.5815799236297607,2.4364922046661377,env_helps,env_helps
319,90.88734436035156,83.9219741821289,6.965370178222656,33.42040252685547,9.426105499267578,23.99429702758789,128,9.644144058227539,9.62207317352295,env_helps,env_helps
320,88.42992401123047,79.99760437011719,8.432319641113281,40.99784940831802,10.817984188304228,30.179865220013788,136,14.162439346313477,14.125598907470703,env_helps,env_helps
321,83.87387084960938,76.80819702148438,7.065673828125,49.40257045200893,16.103266252790178,33.29930419921875,140,20.948022842407227,20.948022842407227,env_helps,env_helps
322,78.77285766601562,71.3399887084961,7.432868957519531,47.91879147046233,15.820339255136986,32.098452215325345,146,20.910619735717773,20.90204620361328,env_helps,env_helps
323,76.00585174560547,68.43251037597656,7.573341369628906,51.348388671875,18.02062290736607,33.327765764508925,140,21.460229873657227,21.45968246459961,env_helps,env_helps
324,71.36589813232422,63.713523864746094,7.652374267578125,48.69211959838867,16.51558494567871,32.17653465270996,128,17.757469177246094,17.754798889160156,env_helps,env_helps
325,66.82218933105469,58.72209167480469,8.10009765625,44.73338652820122,12.042295874618903,32.69109065358232,123,14.400201797485352,14.400201797485352,env_helps,env_helps
326,63.034767150878906,56.4043083190918,6.630458831787109,36.45578972868217,11.939660360646803,24.516129368035365,129,10.543340682983398,10.543340682983398,env_helps,env_helps
327,62.378028869628906,55.92105484008789,6.456974029541016,37.07022298177083,11.792317708333334,25.277905273437497,120,9.874526023864746,9.872647285461426,env_helps,env_helps
328,62.09629821777344,56.172306060791016,5.923992156982422,32.03536888860887,10.832871960055444,21.20249692855343,124,8.27831745147705,8.27831745147705,env_helps,env_helps
329,65.97915649414062,58.89015197753906,7.0890045166015625,40.67615346439549,12.609650158491291,28.0665033059042,122,10.93934440612793,10.93934440612793,env_helps,env_helps
330,67.00323486328125,59.97651290893555,7.026721954345703,39.68472532242063,12.41867404513889,27.266051277281743,126,11.150507926940918,11.150507926940918,env_helps,env_helps
331,66.11732482910156,59.95771789550781,6.15960693359375,35.63319756732724,11.81236800527185,23.820829562055387,123,9.823149681091309,9.823149681091309,env_helps,env_helps
332,66.15193176269531,60.11314392089844,6.038787841796875,31.223388671875,9.818230731670672,21.405157940204326,130,9.131634712219238,9.131634712219238,env_helps,env_helps
333,68.49249267578125,61.66348648071289,6.829006195068359,34.842073810634325,11.198451711170708,23.643622099463617,134,10.320603370666504,10.3148832321167,env_helps,env_helps
334,68.89067077636719,62.44939422607422,6.441276550292969,33.9394093983209,10.503170184235074,23.436239214085823,134,10.791389465332031,10.791389465332031,env_helps,env_helps
335,70.63288879394531,64.20112609863281,6.4317626953125,36.33653467850719,11.346751700202338,24.989782978304852,139,13.008686065673828,13.008686065673828,env_helps,env_helps
336,69.75785064697266,64.03961181640625,5.718238830566406,35.17934133045709,11.343938571303639,23.835402759153453,134,12.258942604064941,12.258942604064941,env_helps,env_helps
337,67.4631576538086,62.95586395263672,4.507293701171875,29.650550181471456,11.079512949064961,18.571037232406496,127,9.981128692626953,9.981128692626953,env_helps,env_helps
338,66.86173248291016,62.69053649902344,4.171195983886719,29.226839466255253,13.397607627035189,15.829231839220064,119,7.832157135009766,7.832157135009766,env_helps,env_helps
339,66.99577331542969,63.08283996582031,3.912933349609375,27.96394514837185,12.597260290835084,15.366684857536764,119,7.276737689971924,7.276737689971924,env_helps,env_helps
340,71.33075714111328,66.36933898925781,4.961418151855469,35.924622078252035,12.07054274644309,23.854079331808947,123,12.145169258117676,12.145169258117676,env_helps,env_helps
341,74.9554214477539,69.85685729980469,5.098564147949219,42.40845687746063,13.101053072711615,29.307403804749015,127,17.27654457092285,17.27654457092285,env_helps,env_helps
342,77.2159194946289,70.22538757324219,6.990531921386719,46.459469092153284,12.997418702953924,33.46205038919936,137,19.402076721191406,19.402076721191406,env_helps,env_helps
343,77.24465942382812,69.55323028564453,7.691429138183594,47.55175088652482,14.878688081781915,32.673062804742905,141,19.644126892089844,19.644126892089844,env_helps,env_helps
344,76.75408172607422,67.03209686279297,9.72198486328125,50.00847710503472,15.521504720052084,34.486972384982636,144,19.44187355041504,19.44187355041504,env_helps,env_helps
345,74.1357192993164,63.89103698730469,10.244682312011719,46.73525455298013,14.75883109995861,31.97642345302152,151,18.730249404907227,18.730249404907227,env_helps,env_helps
346,71.4823989868164,60.53627395629883,10.946125030517578,46.676949757543106,13.724986530172414,32.95196322737069,145,16.98796272277832,16.98796272277832,env_helps,env_helps
347,69.87406921386719,58.57728576660156,11.296783447265625,43.7764892578125,13.514739207732372,30.261750050080128,156,15.188117980957031,15.188117980957031,env_helps,env_helps
348,68.83547973632812,56.47200012207031,12.363479614257812,42.437930657996894,10.160939471321816,32.276991186675076,161,15.446240425109863,15.446240425109863,env_helps,env_helps
349,67.82704162597656,56.85569763183594,10.971343994140625,40.89740767045455,12.932120028409091,27.965287642045457,165,15.401710510253906,15.401710510253906,env_helps,env_helps
350,66.68402099609375,55.54902267456055,11.134998321533203,37.84626363720414,11.138623480260724,26.707640156943413,169,14.005056381225586,13.967329978942871,env_helps,env_helps
351,66.08592987060547,56.604366302490234,9.481563568115234,36.319643373842595,12.529914761766975,23.78972861207562,162,12.496132850646973,12.44055461883545,env_helps,env_helps
352,65.23387908935547,57.59263229370117,7.641246795654297,30.82826160249256,11.918849400111608,18.909412202380953,168,9.658844947814941,9.554023742675781,env_helps,env_helps
353,63.231868743896484,57.67611312866211,5.555755615234375,23.894252660084355,9.609202004649157,14.285050655435198,163,7.299288749694824,7.23007345199585,env_helps,env_helps
354,62.409568786621094,58.76261901855469,3.6469497680664062,17.91471946022727,8.318491062973484,9.596228397253787,165,5.066579818725586,5.055095195770264,env_helps,env_helps
355,62.85981750488281,60.75447082519531,2.1053466796875,12.855711345431171,6.786180713508703,6.0695306319224684,158,2.9832520484924316,2.9823737144470215,env_helps,env_helps
356,64.8619613647461,64.09307861328125,0.7688827514648438,9.485702102248734,6.65207239099451,2.8336297112542237,148,1.5252434015274048,1.5252434015274048,env_helps,env_helps
357,69.03724670410156,68.91459655761719,0.122650146484375,8.437885982889524,7.483891876650528,0.953994106238996,142,0.6557443737983704,0.6548669338226318,env_helps,env_helps
358,73.17501831054688,73.22882843017578,-0.05381011962890625,5.791759314903846,5.4967566856971155,0.2950026292067305,130,0.2485741674900055,0.2485741674900055,env_hurts,env_helps
359,78.7490005493164,78.82461547851562,-0.07561492919921875,6.012582826220299,5.963639692826704,0.04894313339359524,121,0.11312185972929001,0.10522773116827011,env_hurts,env_helps
360,84.21800994873047,84.25627136230469,-0.03826141357421875,5.59425324084712,5.59425324084712,0.0,102,0.03826221823692322,0.03826221823692322,env_hurts,env_neutral
361,89.44914245605469,89.44914245605469,0.0,5.190475788522274,5.190475788522274,0.0,94,0.0,0.0,env_neutral,env_neutral
362,92.38026428222656,92.38026428222656,0.0,5.6066779242621525,5.6066779242621525,0.0,90,0.0,0.0,env_neutral,env_neutral
363,93.07865142822266,93.07865142822266,0.0,5.655911959134615,5.655911959134615,0.0,78,0.0,0.0,env_neutral,env_neutral
364,89.46414184570312,89.46414184570312,0.0,5.031985134548611,5.031985134548611,0.0,90,0.0,0.0,env_neutral,env_neutral
365,88.01425170898438,87.62870788574219,0.3855438232421875,11.370660400390625,9.72632080078125,1.6443395996093741,100,0.4444239139556885,0.43905773758888245,env_helps,env_helps
366,88.68226623535156,86.6010971069336,2.0811691284179688,18.836528457213785,10.73725449036215,8.099273966851635,107,2.5198867321014404,2.337710380554199,env_helps,env_helps
367,92.7173843383789,85.47418975830078,7.243194580078125,38.36216842296512,13.45984738372093,24.90232103924419,129,9.478236198425293,9.428177833557129,env_helps,env_helps
368,89.66771697998047,81.38096618652344,8.286750793457031,43.11582392939815,12.573417607060184,30.54240632233796,135,14.23404312133789,14.189562797546387,env_helps,env_helps
369,84.86903381347656,77.51515197753906,7.3538818359375,49.48198939732143,13.498597935267858,35.98339146205357,140,21.383073806762695,21.382822036743164,env_helps,env_helps
370,79.96688842773438,72.31365203857422,7.653236389160156,53.22466909285072,15.427769503147482,37.79689958970324,139,22.077878952026367,22.053600311279297,env_helps,env_helps
371,76.82301330566406,70.50128173828125,6.3217315673828125,54.6663028492647,21.512454762178308,33.153848087086395,136,22.184240341186523,22.18414878845215,env_helps,env_helps
372,73.65409851074219,67.6534194946289,6.000679016113281,54.564761117788464,25.073629056490386,29.491132061298078,130,19.265579223632812,19.247072219848633,env_helps,env_helps
373,67.95625305175781,62.193992614746094,5.762260437011719,46.06458358182252,19.111402671755727,26.95318091006679,131,17.476194381713867,17.473655700683594,env_helps,env_helps
374,63.706417083740234,56.87071228027344,6.835704803466797,40.63163511214718,13.844112273185484,26.787522838961696,124,12.136574745178223,12.136574745178223,env_helps,env_helps
375,63.271522521972656,55.782833099365234,7.488689422607422,39.69110607710041,10.72318055199795,28.96792552510246,122,11.445121765136719,11.445121765136719,env_helps,env_helps
376,62.90937805175781,56.371463775634766,6.537914276123047,35.72459746570122,10.789390998158028,24.935206467543196,123,9.944007873535156,9.944007873535156,env_helps,env_helps
377,66.27344512939453,58.740020751953125,7.533424377441406,41.0107421875,10.636568805364174,30.374173382135826,127,12.746733665466309,12.746733665466309,env_helps,env_helps
378,67.6166000366211,60.28719711303711,7.329402923583984,42.34101867675781,13.40163803100586,28.939380645751953,128,12.519030570983887,12.519030570983887,env_helps,env_helps
379,66.185546875,59.47243118286133,6.713115692138672,37.75985367571721,12.196990466508709,25.5628632092085,122,9.7417631149292,9.7417631149292,env_helps,env_helps
380,67.60985565185547,60.6447868347168,6.965068817138672,40.48073869410569,15.893582475863822,24.587156218241866,123,8.872878074645996,8.872878074645996,env_helps,env_helps
381,69.76769256591797,61.924251556396484,7.843441009521484,40.938822279881386,13.998783751995894,26.94003852788549,137,11.264121055603027,11.264121055603027,env_helps,env_helps
382,69.46067810058594,62.27845764160156,7.182220458984375,36.45115468199824,11.56083915602993,24.89031552596831,142,12.088772773742676,12.088772773742676,env_helps,env_helps
383,69.57551574707031,62.97321319580078,6.602302551269531,36.957205890739054,11.54459397810219,25.412611912636862,137,13.427711486816406,13.427711486816406,env_helps,env_helps
384,69.34766387939453,63.16603469848633,6.181629180908203,37.15098783052885,11.686305588942307,25.46468224158654,130,12.650012969970703,12.650012969970703,env_helps,env_helps
385,66.8768539428711,61.544036865234375,5.332817077636719,29.2219970703125,9.603844275841347,19.618152794471154,130,9.886406898498535,9.886406898498535,env_helps,env_helps
386,65.9781265258789,61.82575225830078,4.152374267578125,27.17966584236391,11.88876441217238,15.29090143019153,124,7.879340648651123,7.879340648651123,env_helps,env_helps
387,66.18159484863281,62.11335372924805,4.068241119384766,25.31193733215332,10.465858459472656,14.846078872680664,128,7.2474045753479,7.2474045753479,env_helps,env_helps
388,70.96540069580078,65.2839584350586,5.6814422607421875,36.93011765252976,11.11456783234127,25.815549820188487,126,12.450157165527344,12.450157165527344,env_helps,env_helps
389,75.4883804321289,68.25733947753906,7.231040954589844,44.17607783564815,11.126375325520833,33.04970251012732,135,17.174589157104492,17.173038482666016,env_helps,env_helps
390,77.03047943115234,70.82455444335938,6.205924987792969,45.079260932074654,14.003053453233507,31.076207478841148,144,21.0640811920166,21.058521270751953,env_helps,env_helps
391,78.37651062011719,69.8189926147461,8.557518005371094,53.14978724888393,15.517075892857143,37.63271135602679,140,21.694896697998047,21.694896697998047,env_helps,env_helps
392,77.17204284667969,66.19673156738281,10.975311279296875,51.260091145833336,13.504964192708334,37.755126953125,150,20.406967163085938,20.406967163085938,env_helps,env_helps
393,75.45710754394531,63.72928237915039,11.727825164794922,50.83535726968344,13.804620916193182,37.03073635349026,154,19.908493041992188,19.908493041992188,env_helps,env_helps
394,72.9417495727539,61.21044921875,11.731300354003906,48.670080488654456,13.368142291998408,35.301938196656046,157,19.1273250579834,19.1273250579834,env_helps,env_helps
395,70.12718963623047,58.990665435791016,11.136524200439453,44.20824599847561,13.015458269817072,31.192787728658537,164,17.871763229370117,17.871763229370117,env_helps,env_helps
396,68.86258697509766,56.694366455078125,12.168220520019531,43.5835455031622,11.224185035342263,32.35936046781994,168,17.497604370117188,17.497604370117188,env_helps,env_helps
397,67.53016662597656,57.461151123046875,10.069015502929688,43.16615175189394,16.31380948153409,26.852342270359852,165,16.795982360839844,16.795982360839844,env_helps,env_helps
398,65.94190216064453,55.82999038696289,10.11191177368164,38.570196242559526,12.98876953125,25.581426711309526,168,15.591350555419922,15.584074974060059,env_helps,env_helps
399,66.85488891601562,55.65373229980469,11.201156616210938,38.13648596475291,11.175034633902616,26.96145133085029,172,14.598341941833496,14.550561904907227,env_helps,env_helps
400,66.68002319335938,55.9505500793457,10.729473114013672,36.307639898255815,10.743786479151526,25.56385341910429,172,12.551451683044434,12.517925262451172,env_helps,env_helps
401,65.33050537109375,57.22928237915039,8.10122299194336,30.956809559087645,11.623133867636493,19.333675691451152,174,10.068037986755371,10.007098197937012,env_helps,env_helps
402,63.81898498535156,57.709869384765625,6.1091156005859375,24.344002559267242,9.554859380612427,14.789143178654815,174,7.677089214324951,7.6563849449157715,env_helps,env_helps
403,64.11203002929688,59.72072219848633,4.391307830810547,20.589131918298193,9.195257347750376,11.393874570547817,166,5.321615219116211,5.310604095458984,env_helps,env_helps
404,65.2590103149414,62.51752853393555,2.7414817810058594,16.46255007215366,8.677336285828025,7.785213786325636,157,3.489790678024292,3.481858253479004,env_helps,env_helps
405,67.7586898803711,66.30852508544922,1.450164794921875,13.780952504139073,9.200516252328228,4.580436251810845,151,2.128060817718506,2.125244140625,env_helps,env_helps
406,71.18356323242188,70.3882064819336,0.7953567504882812,11.81717739762931,8.788405004040948,3.028772393588362,145,1.4267596006393433,1.4133819341659546,env_helps,env_helps
407,74.45184326171875,74.1075210571289,0.34432220458984375,7.693652153015137,5.670708656311035,2.0229434967041016,128,1.0602729320526123,1.0366145372390747,env_helps,env_helps
408,79.29478454589844,79.28839874267578,0.00638580322265625,7.2574814453125,6.4753583984375,0.7821230468750002,125,0.5128764510154724,0.5090509653091431,env_helps,env_helps
409,84.38076782226562,84.4434585571289,-0.06269073486328125,6.847679008871822,6.5336448540121825,0.31403415485963926,118,0.24796214699745178,0.24796214699745178,env_hurts,env_helps
410,87.75000762939453,87.75000762939453,0.0,6.472165425618489,6.472165425618489,0.0,120,0.0,0.0,env_neutral,env_neutral
411,88.17972564697266,88.17972564697266,0.0,5.893185455020111,5.893185455020111,0.0,101,0.0,0.0,env_neutral,env_neutral
412,85.8872299194336,85.8872299194336,0.0,6.753756493637242,6.753756493637242,0.0,97,0.0,0.0,env_neutral,env_neutral
413,85.18185424804688,84.9767837524414,0.20507049560546875,13.032724056603774,12.253326991818986,0.7793970647847885,106,0.230966717004776,0.2080104798078537,env_helps,env_helps
414,85.627197265625,83.62811279296875,1.99908447265625,16.63131308766593,9.285631568030974,7.345681519634956,113,2.3729805946350098,2.146195888519287,env_helps,env_helps
415,91.16356658935547,84.62527465820312,6.538291931152344,36.48062375992063,12.984169611855158,23.496454148065474,126,9.272793769836426,9.236230850219727,env_helps,env_helps
416,89.02616119384766,81.43954467773438,7.586616516113281,38.57854653776978,11.183857211106115,27.394689326663666,139,13.423547744750977,13.330187797546387,env_helps,env_helps
417,85.43232727050781,79.02826690673828,6.404060363769531,46.103830756870565,11.55286250554078,34.550968251329785,141,21.518051147460938,21.518051147460938,env_helps,env_helps
418,80.02670288085938,74.88687133789062,5.13983154296875,46.08826104525862,14.112521888469828,31.97573915678879,145,23.305191040039062,23.275781631469727,env_helps,env_helps
419,76.52909851074219,71.638427734375,4.8906707763671875,47.2187811668883,18.55513249390514,28.663648672983157,141,22.278554916381836,22.278554916381836,env_helps,env_helps
420,73.7948226928711,66.9144287109375,6.880393981933594,45.19931640625,16.619501604352678,28.57981480189732,140,17.786170959472656,17.786170959472656,env_helps,env_helps
421,68.74574279785156,61.491180419921875,7.2545623779296875,42.1689453125,12.610674309008049,29.558271003491953,132,15.213698387145996,15.213698387145996,env_helps,env_helps
422,64.37863159179688,58.274478912353516,6.104152679443359,36.464434344951925,12.319771634615385,24.14466271033654,130,11.13937759399414,11.13937759399414,env_helps,env_helps
423,64.02884674072266,57.86320495605469,6.165641784667969,36.16108739098837,11.768540493277616,24.392546897710755,129,11.024225234985352,11.024225234985352,env_helps,env_helps
424,63.98552703857422,58.09507751464844,5.890449523925781,35.33803013392857,12.639527335999505,22.698502797929066,126,9.400571823120117,9.400571823120117,env_helps,env_helps
425,66.67658233642578,60.018550872802734,6.658031463623047,39.748681640625,11.529810509314904,28.218871131310095,130,12.6683988571167,12.6683988571167,env_helps,env_helps
426,66.86408233642578,60.253448486328125,6.610633850097656,38.42166738435039,10.702290692667322,27.71937669168307,127,12.131444931030273,12.131444931030273,env_helps,env_helps
427,66.18048858642578,60.246253967285156,5.934234619140625,35.23035455519153,11.619678128150202,23.61067642704133,124,10.098455429077148,10.098455429077148,env_helps,env_helps
428,66.5372085571289,60.438533782958984,6.098674774169922,32.86998948317308,11.367416616586539,21.50257286658654,130,9.6347017288208,9.6347017288208,env_helps,env_helps
429,68.82928466796875,61.664588928222656,7.164695739746094,35.99299279967351,10.382377966126398,25.61061483354711,134,11.333525657653809,11.332262992858887,env_helps,env_helps
430,69.94570922851562,63.433250427246094,6.512458801269531,36.19566695601852,10.986436631944445,25.209230324074078,135,12.417428970336914,12.417428970336914,env_helps,env_helps
431,70.87203216552734,65.63694763183594,5.235084533691406,35.68086983816964,13.28365478515625,22.39721505301339,140,13.740839004516602,13.740839004516602,env_helps,env_helps
432,69.97840118408203,64.68148040771484,5.2969207763671875,34.476323866306394,12.193812779017858,22.282511087288537,133,11.675658226013184,11.675658226013184,env_helps,env_helps
433,67.3622055053711,63.60481262207031,3.7573928833007812,26.46388396052004,11.13720144024332,15.32668252027672,131,9.313140869140625,9.313140869140625,env_helps,env_helps
434,67.29104614257812,63.30515670776367,3.985889434814453,25.495115337949812,11.57989501953125,13.915220318418562,132,7.354644775390625,7.354644775390625,env_helps,env_helps
435,67.28166198730469,63.583778381347656,3.6978836059570312,24.035586757514313,10.109892168117844,13.92569458939647,131,7.411174297332764,7.411174297332764,env_helps,env_helps
436,71.86213684082031,66.96820068359375,4.8939361572265625,35.96147423664122,12.103132641042462,23.85834159559876,131,13.331408500671387,13.331408500671387,env_helps,env_helps
437,76.73084259033203,70.2664566040039,6.464385986328125,43.356604682074654,14.525078667534721,28.831526014539932,144,17.148447036743164,17.147924423217773,env_helps,env_helps
438,78.22032928466797,70.66389465332031,7.556434631347656,45.14146158854167,13.46909423828125,31.672367350260416,150,19.816452026367188,19.809221267700195,env_helps,env_helps
439,77.76696014404297,71.63577270507812,6.131187438964844,45.261591923701296,18.31824523133117,26.943346692370127,154,21.280719757080078,21.280719757080078,env_helps,env_helps
440,79.77720642089844,69.53746032714844,10.23974609375,52.437994462025316,18.15672128411788,34.28127317790744,158,20.78424072265625,20.78424072265625,env_helps,env_helps
441,78.67843627929688,67.5274429321289,11.150993347167969,52.445581493263475,16.550921594311376,35.8946598989521,167,22.499998092651367,22.499998092651367,env_helps,env_helps
442,73.59697723388672,64.75201416015625,8.844963073730469,45.53539894600592,14.496830505732248,31.03856844027367,169,22.428022384643555,22.428022384643555,env_helps,env_helps
443,70.38668060302734,60.289939880371094,10.09674072265625,42.27669458995665,12.38859566925578,29.88809892070087,173,19.4503116607666,19.4503116607666,env_helps,env_helps
444,68.23440551757812,58.3159294128418,9.918476104736328,40.33171414780891,12.375448994252874,27.956265153556036,174,18.729917526245117,18.729917526245117,env_helps,env_helps
445,68.8202896118164,57.667518615722656,11.15277099609375,44.5916122808689,12.146089135146722,32.44552314572218,164,18.25658416748047,18.25658416748047,env_helps,env_helps
446,69.95069122314453,57.342498779296875,12.608192443847656,45.04529790768678,11.729474648661997,33.31582325902478,174,18.102291107177734,18.102291107177734,env_helps,env_helps
447,69.50182342529297,57.9155158996582,11.586307525634766,41.17983610733695,12.779560918393342,28.40027518894361,184,17.24651527404785,17.24651527404785,env_helps,env_helps
448,70.06763458251953,58.881591796875,11.186042785644531,39.96716631531085,13.79986023272156,26.16730608258929,189,16.374561309814453,16.340797424316406,env_helps,env_helps
449,70.56761932373047,59.82425308227539,10.743366241455078,38.74929645497312,13.697780157930108,25.051516297043012,186,15.826116561889648,15.753043174743652,env_helps,env_helps
450,70.90465545654297,60.54987335205078,10.354782104492188,33.93158113895939,11.70437792473033,22.227203214229057,197,13.867895126342773,13.802267074584961,env_helps,env_helps
451,71.97008514404297,62.337013244628906,9.633071899414062,34.136248363874344,13.170955957542539,20.965292406331805,191,11.860678672790527,11.803624153137207,env_helps,env_helps
452,71.75386810302734,62.79450225830078,8.959365844726562,31.252464906417114,11.526113907921124,19.726350998495988,187,10.14267349243164,10.052392959594727,env_helps,env_helps
453,71.72427368164062,63.767765045166016,7.956508636474609,28.588845841871585,10.672607421875,17.916238419996585,183,9.155253410339355,9.071966171264648,env_helps,env_helps
454,72.60275268554688,65.44660949707031,7.1561431884765625,27.4775390625,11.122663129100484,16.354875933399516,181,8.29741096496582,8.138717651367188,env_helps,env_helps
455,72.5794448852539,66.15435791015625,6.425086975097656,26.284045991443453,10.440335228329612,15.84371076311384,168,7.370781898498535,7.270151138305664,env_helps,env_helps
456,72.13218688964844,66.88349914550781,5.248687744140625,22.151864681603772,8.31901962952044,13.832845052083332,159,6.123641490936279,6.001413345336914,env_helps,env_helps
457,72.99383544921875,68.84940338134766,4.144432067871094,19.52685089111328,8.528624725341796,10.998226165771484,160,4.887927532196045,4.755153656005859,env_helps,env_helps
458,73.50985717773438,70.65515899658203,2.8546981811523438,18.463699820656448,10.622018106328616,7.841681714327832,159,3.6630067825317383,3.475938081741333,env_helps,env_helps
459,68.99862670898438,68.45252990722656,0.5460968017578125,7.571670856881649,5.989234004460328,1.5824368524213215,141,0.6690575480461121,0.6312455534934998,env_helps,env_helps
460,68.71124267578125,68.71124267578125,0.0,6.794137064615885,6.794137064615885,0.0,120,0.0,0.0,env_neutral,env_neutral
461,69.12476348876953,69.12476348876953,0.0,5.978800110897775,5.978800110897775,0.0,118,0.0,0.0,env_neutral,env_neutral
462,71.46419525146484,71.46419525146484,0.0,5.7344829852764425,5.7344829852764425,0.0,117,0.0,0.0,env_neutral,env_neutral
463,75.13072967529297,75.13072967529297,0.0,7.832980685763889,7.832980685763889,0.0,126,0.0,0.0,env_neutral,env_neutral
464,79.22688293457031,79.20184326171875,0.0250396728515625,8.296651726095085,8.211055396968483,0.0855963291266022,117,0.04142703860998154,0.028969192877411842,env_helps,env_helps
465,82.52044677734375,82.38434600830078,0.13610076904296875,14.052784989519816,13.610166968368903,0.4426180211509134,123,0.17670442163944244,0.14055484533309937,env_helps,env_helps
466,83.43937683105469,82.12847900390625,1.3108978271484375,15.78549312621124,11.40499144561531,4.380501680595929,129,1.8699791431427002,1.4521489143371582,env_helps,env_helps
467,85.48155975341797,81.70763397216797,3.77392578125,23.905308820199274,11.287967405457428,12.617341414741846,138,5.226652145385742,5.1868486404418945,env_helps,env_helps
468,83.8268051147461,79.72808837890625,4.098716735839844,24.271467060062058,10.300918038009751,13.970549022052307,141,6.784129619598389,6.772742748260498,env_helps,env_helps
469,85.25501251220703,79.12889862060547,6.1261138916015625,33.97860926797945,11.992810393032963,21.98579887494649,146,11.093280792236328,11.0408296585083,env_helps,env_helps
470,80.8276138305664,75.4936752319336,5.3339385986328125,31.536511828015733,10.800352723448427,20.736159104567307,143,10.50783920288086,10.50046157836914,env_helps,env_helps
471,80.75433349609375,73.58442687988281,7.1699066162109375,38.591315827546296,11.204889142071758,27.38642668547454,135,12.598708152770996,12.450350761413574,env_helps,env_helps
472,79.86719512939453,73.69795989990234,6.1692352294921875,37.34879442671655,12.369577327244718,24.979217099471832,142,13.777710914611816,13.766818046569824,env_helps,env_helps
473,80.77315521240234,74.02264404296875,6.750511169433594,42.94050082781457,12.522795620343542,30.417705207471023,151,18.6851863861084,18.683923721313477,env_helps,env_helps
474,77.90435028076172,71.92250061035156,5.981849670410156,41.627312737542226,14.004567739125845,27.62274499841638,148,17.639530181884766,17.636587142944336,env_helps,env_helps
475,74.60726928710938,66.82192993164062,7.78533935546875,42.90539718000856,11.822374317744007,31.083022862264556,146,17.25652313232422,17.25652313232422,env_helps,env_helps
476,72.12872314453125,65.19305419921875,6.9356689453125,40.119182942708335,11.828253580729166,28.290929361979167,150,17.0974178314209,17.0974178314209,env_helps,env_helps
477,71.8558578491211,64.7092514038086,7.1466064453125,42.07138737416108,14.048166159815436,28.02322121434564,149,15.98525619506836,15.98525619506836,env_helps,env_helps
478,70.2783432006836,62.791908264160156,7.4864349365234375,38.72040819001678,12.250969189125419,26.469439000891356,149,13.968317985534668,13.962964057922363,env_helps,env_helps
479,69.31871795654297,62.34228515625,6.976432800292969,36.94830862032313,11.697260642538266,25.251047977784864,147,14.680646896362305,14.680646896362305,env_helps,env_helps
480,68.81526947021484,61.31447219848633,7.500797271728516,38.18419795413669,10.487580443457734,27.69661751067896,139,13.769477844238281,13.769477844238281,env_helps,env_helps
481,69.36262512207031,61.17048645019531,8.192138671875,37.23523686556208,10.192866178166947,27.042370687395135,149,13.816498756408691,13.816498756408691,env_helps,env_helps
482,67.95362854003906,61.286827087402344,6.666801452636719,32.84258208403716,10.525616620038006,22.316965463999153,148,12.353867530822754,12.353867530822754,env_helps,env_helps
483,67.18323516845703,61.685447692871094,5.4977874755859375,29.16279296875,9.337229761584052,19.82556320716595,145,11.276808738708496,11.276808738708496,env_helps,env_helps
484,70.36217498779297,64.26911926269531,6.093055725097656,33.6880525287829,11.255692331414474,22.432360197368425,152,12.959519386291504,12.959519386291504,env_helps,env_helps
485,73.80683898925781,66.69310760498047,7.113731384277344,39.767750275440704,12.25909658578726,27.508653689653443,156,16.928752899169922,16.928752899169922,env_helps,env_helps
486,76.83915710449219,68.51225280761719,8.326904296875,46.915598422666136,14.943405730814874,31.972192691851262,158,19.850351333618164,19.836332321166992,env_helps,env_helps
487,77.78044891357422,68.2328872680664,9.547561645507812,49.971490293560606,14.136015920928031,35.835474372632575,165,22.800247192382812,22.800247192382812,env_helps,env_helps
488,77.54899597167969,68.33738708496094,9.21160888671875,51.68422194809941,17.666603846856724,34.01761810124269,171,23.60253143310547,23.60253143310547,env_helps,env_helps
489,75.60148620605469,65.35069274902344,10.25079345703125,52.8358257247741,18.241196230233435,34.59462949454066,166,21.677457809448242,21.677457809448242,env_helps,env_helps
490,69.40557861328125,60.1429557800293,9.262622833251953,40.900867349297336,13.08588115985577,27.814986189441566,169,18.007335662841797,18.007335662841797,env_helps,env_helps
491,67.3836441040039,57.935115814208984,9.448528289794922,39.86950165719697,13.806616950757576,26.062884706439394,165,14.757408142089844,14.757408142089844,env_helps,env_helps
492,67.51383209228516,57.694061279296875,9.819770812988281,41.89016053734756,14.62087938262195,27.26928115472561,164,14.262565612792969,14.262565612792969,env_helps,env_helps
493,67.11730194091797,56.55604934692383,10.56125259399414,40.522469605214496,11.779088849852071,28.743380755362423,169,15.846540451049805,15.846540451049805,env_helps,env_helps
494,68.80570220947266,56.8170280456543,11.98867416381836,43.48367256030702,10.757722553453947,32.725950006853076,171,17.402118682861328,17.399272918701172,env_helps,env_helps
495,71.12362670898438,58.260807037353516,12.86281967163086,45.71801483497191,12.505417727352528,33.21259710761938,178,17.97724723815918,17.97724723815918,env_helps,env_helps
496,70.60420227050781,59.55739212036133,11.046810150146484,42.12897990136173,13.658312238128492,28.47066766323324,179,17.879430770874023,17.879430770874023,env_helps,env_helps
497,71.60066223144531,59.33065414428711,12.270008087158203,40.90053607047872,12.396777863198139,28.503758207280583,188,17.460193634033203,17.44189453125,env_helps,env_helps
498,70.98797607421875,59.48733901977539,11.50063705444336,38.0663551210733,11.917414001145287,26.14894111992801,191,17.168975830078125,17.13771629333496,env_helps,env_helps
499,70.76531219482422,59.94841003417969,10.816902160644531,36.172222001903556,13.273913388324873,22.898308613578685,197,14.558131217956543,14.479509353637695,env_helps,env_helps
500,69.94403076171875,58.94218444824219,11.001846313476562,36.18085366107048,12.369023749168884,23.811829911901597,188,12.963820457458496,12.863717079162598,env_helps,env_helps
501,69.02584838867188,58.56707000732422,10.458778381347656,34.53649035177595,11.40450499487705,23.131985356898902,183,11.963766098022461,11.869319915771484,env_helps,env_helps
502,69.31280517578125,59.461360931396484,9.851444244384766,32.75534206081081,11.177948163006757,21.577393897804054,185,11.029973983764648,11.005914688110352,env_helps,env_helps
503,68.93208312988281,59.70199203491211,9.230091094970703,31.3816796875,9.998355189732143,21.38332449776786,175,10.010051727294922,10.001543998718262,env_helps,env_helps
504,67.35153198242188,60.42890548706055,6.922626495361328,26.09413324400436,9.559455339298692,16.534677904705667,172,8.326123237609863,8.321999549865723,env_helps,env_helps
505,67.38156127929688,61.31013488769531,6.0714263916015625,23.41470814900226,8.434646790286145,14.980061358716114,166,6.494903564453125,6.494903564453125,env_helps,env_helps
506,67.9019546508789,63.80373001098633,4.098224639892578,19.99491756663603,10.05528995289522,9.939627613740809,170,4.6198039054870605,4.6043500900268555,env_helps,env_helps
507,65.33378601074219,64.4564437866211,0.8773422241210938,9.21515362079327,6.968192076071714,2.2469615447215556,156,1.0248744487762451,1.0228228569030762,env_helps,env_helps
508,66.591064453125,66.59573364257812,-0.004669189453125,8.040430925894475,8.053975423177084,-0.013544497282609314,138,0.0046728323213756084,0.0046728323213756084,env_hurts,env_hurts
509,68.33746337890625,68.33746337890625,0.0,5.892142159598214,5.892142159598214,0.0,126,0.0,0.0,env_neutral,env_neutral
510,72.29525756835938,72.29525756835938,0.0,5.850327997622283,5.850327997622283,0.0,115,0.0,0.0,env_neutral,env_neutral
511,77.54618835449219,77.54618835449219,0.0,6.713471228335084,6.713471228335084,0.0,119,0.0,0.0,env_neutral,env_neutral
512,82.37106323242188,82.37106323242188,0.0,5.781229474903208,5.781229474903208,0.0,113,0.0,0.0,env_neutral,env_neutral
513,86.278076171875,86.24784088134766,0.03023529052734375,8.97292640560963,8.87379930840164,0.09912709720799029,122,0.05620086193084717,0.030233178287744522,env_helps,env_helps
514,88.7861557006836,88.48572540283203,0.3004302978515625,12.775500688396516,11.760226890689037,1.0152737977074793,122,0.5451484322547913,0.38195982575416565,env_helps,env_helps
515,89.95770263671875,87.80302429199219,2.1546783447265625,20.335362160852714,13.221350381540697,7.114011779312017,129,2.5695788860321045,2.5165233612060547,env_helps,env_helps
516,87.07673645019531,84.79708099365234,2.2796554565429688,19.134559461805555,12.042078993055556,7.092480468749999,135,3.1145997047424316,3.0755956172943115,env_helps,env_helps
517,86.63265991210938,81.827880859375,4.804779052734375,26.525299072265625,11.752758449978298,14.772540622287327,144,6.35867166519165,6.35867166519165,env_helps,env_helps
518,82.57064819335938,78.06372833251953,4.506919860839844,24.42516830119681,9.395469719636525,15.029698581560284,141,7.038785457611084,7.038785457611084,env_helps,env_helps
519,83.31539154052734,77.3580551147461,5.95733642578125,33.74384092133621,10.002559267241379,23.741281654094827,145,13.211112022399902,13.204010963439941,env_helps,env_helps
520,79.7802963256836,74.7038345336914,5.0764617919921875,32.43745185959507,12.1869902274978,20.25046163209727,142,11.843536376953125,11.843536376953125,env_helps,env_helps
521,79.58418273925781,72.8011245727539,6.783058166503906,38.5863136085304,12.171968202333193,26.41434540619721,148,14.495141983032227,14.490283012390137,env_helps,env_helps
522,76.83091735839844,70.58338928222656,6.247528076171875,36.78916081166108,11.80771386063339,24.981446951027685,149,14.710424423217773,14.702204704284668,env_helps,env_helps
523,76.43478393554688,69.11254119873047,7.322242736816406,41.62271035684122,11.66297788877745,29.95973246806377,148,17.4749755859375,17.4749755859375,env_helps,env_helps
524,76.36358642578125,68.32474517822266,8.038841247558594,45.14788367764262,13.482087615352349,31.66579606229027,149,17.09380340576172,17.09380340576172,env_helps,env_helps
525,72.90589904785156,66.3492431640625,6.5566558837890625,39.562847860498366,13.601766748366012,25.961081112132355,153,16.341938018798828,16.341938018798828,env_helps,env_helps
526,70.06777954101562,65.44084167480469,4.6269378662109375,33.956559354026844,15.590861275692115,18.36569807833473,149,13.434028625488281,13.415245056152344,env_helps,env_helps
527,68.33074951171875,64.82011413574219,3.5106353759765625,30.539467740221088,17.817293128188776,12.722174612032312,147,10.753073692321777,10.751874923706055,env_helps,env_helps
528,65.80872344970703,63.78111267089844,2.0276107788085938,23.78084365635702,16.579098218107877,7.201745438249144,146,7.677189826965332,7.673182964324951,env_helps,env_helps
529,64.70663452148438,63.03285217285156,1.6737823486328125,20.876277842420212,14.928449481937056,5.947828360483156,141,6.449031829833984,6.449031829833984,env_helps,env_helps
530,64.37969970703125,64.57881164550781,-0.1991119384765625,17.699302936422413,16.979300242456898,0.7200026939655153,145,6.113246917724609,6.113246917724609,env_hurts,env_helps
531,65.04907989501953,64.7550277709961,0.2940521240234375,17.101767435561133,14.5992431640625,2.5025242714986327,137,6.541265487670898,6.540765762329102,env_helps,env_helps
532,67.61969757080078,63.805320739746094,3.8143768310546875,21.355155613111414,9.140501160552537,12.214654452558877,138,6.112860202789307,6.1073222160339355,env_helps,env_helps
533,69.26420593261719,65.41360473632812,3.8506011962890625,22.36722586495536,9.819399588448661,12.547826276506697,140,7.162265777587891,7.1068434715271,env_helps,env_helps
534,71.94353485107422,67.29025268554688,4.653282165527344,25.209886067708332,11.9848828125,13.225003255208332,150,6.899771213531494,6.812872409820557,env_helps,env_helps
535,73.45222473144531,68.13105773925781,5.3211669921875,26.779769704311708,12.80770371835443,13.972065985957277,158,6.884399890899658,6.757455348968506,env_helps,env_helps
536,71.59475708007812,67.01287078857422,4.581886291503906,22.77608182832792,10.54503126268263,12.231050565645292,154,6.225806713104248,6.085151195526123,env_helps,env_helps
537,70.30221557617188,66.61136627197266,3.6908493041992188,20.926025390625,11.321757527140829,9.604267863484171,154,4.590385437011719,4.513766288757324,env_helps,env_helps
538,69.3764877319336,65.87120819091797,3.505279541015625,19.25848268995098,10.096040613511029,9.162442076439952,153,4.381512641906738,4.332601547241211,env_helps,env_helps
539,69.28020477294922,65.52867126464844,3.7515335083007812,19.968529794730394,10.151553883272058,9.816975911458336,153,4.480045795440674,4.4470906257629395,env_helps,env_helps
540,69.27719116210938,65.68685913085938,3.59033203125,19.978277867136438,10.641710069444445,9.336567797691993,153,4.2578864097595215,4.21116304397583,env_helps,env_helps
541,68.79023742675781,65.12165832519531,3.6685791015625,17.45229019657258,7.985008190524193,9.467282006048386,155,4.033854961395264,4.002397060394287,env_helps,env_helps
542,69.4327163696289,66.59445190429688,2.8382644653320312,16.35414685701069,8.948129754317435,7.406017102693255,152,2.996821641921997,2.970543622970581,env_helps,env_helps
543,69.64661407470703,67.61819458007812,2.0284194946289062,13.083130650550315,8.030533700619104,5.0525969499312104,159,2.3930556774139404,2.311323642730713,env_helps,env_helps
544,70.82185363769531,69.41233825683594,1.409515380859375,12.106458875868055,8.193564520941841,3.9128943549262143,144,1.8004931211471558,1.7714264392852783,env_helps,env_helps
545,71.79102325439453,70.9698715209961,0.8211517333984375,9.759618023641748,7.612818499795751,2.1467995238459965,153,1.32761549949646,1.32761549949646,env_helps,env_helps
