split,sample_index,e_dim1,e_dim2,z_dim1,z_dim2,gmm_cluster_id,selected_expert_hungarian,hour,workday_or_holiday,gmm_confidence,embedding_method_e,embedding_method_z
test,0,-0.14791066944599152,-0.05374332517385483,-0.09531033784151077,0.0700206533074379,1,0,15,workday,1.0,pca,pca
test,1,-0.06484705954790115,-0.05292145162820816,-0.09319449961185455,0.07842922955751419,1,0,16,workday,1.0,pca,pca
test,2,0.0028947945684194565,-0.059647202491760254,-0.02568237856030464,0.08904437720775604,1,0,16,workday,1.0,pca,pca
test,3,0.07566934078931808,-0.05486750975251198,0.0061926571652293205,0.0986022874712944,1,0,17,workday,1.0,pca,pca
test,4,0.0315469466149807,-0.05119654908776283,-0.023054441437125206,0.08614689111709595,1,0,17,workday,1.0,pca,pca
test,5,-0.09281425178050995,-0.06551850587129593,-0.09518325328826904,0.04552066698670387,1,0,18,workday,1.0,pca,pca
test,6,-0.28339678049087524,-0.05721886083483696,-0.17372846603393555,0.006024245638400316,2,1,18,workday,1.0,pca,pca
test,7,-0.43871358036994934,-0.03986275568604469,-0.24816127121448517,-0.023760022595524788,2,1,19,workday,1.0,pca,pca
test,8,-0.5259303450584412,-0.01339782401919365,-0.26886260509490967,-0.03564996272325516,2,1,19,workday,1.0,pca,pca
test,9,-0.5826415419578552,-0.009259792044758797,-0.26890406012535095,-0.04658573493361473,2,1,20,workday,1.0,pca,pca
test,10,-0.5652093887329102,0.007850553840398788,-0.24404528737068176,-0.04074202477931976,2,1,20,workday,1.0,pca,pca
test,11,-0.49454259872436523,-0.007146944757550955,-0.20313622057437897,-0.030685804784297943,2,1,21,workday,1.0,pca,pca
test,12,-0.459853857755661,-0.004696621093899012,-0.1940646767616272,-0.031108735129237175,2,1,21,workday,1.0,pca,pca
test,13,-0.4485020637512207,-0.013792661018669605,-0.18999817967414856,-0.03475038334727287,2,1,22,workday,1.0,pca,pca
test,14,-0.3855089545249939,-0.017974507063627243,-0.1470596194267273,-0.025486711412668228,2,1,22,workday,1.0,pca,pca
test,15,-0.2919728457927704,-0.019141606986522675,-0.10604000836610794,-0.017131933942437172,2,1,23,workday,0.9797767996788025,pca,pca
test,16,-0.16895638406276703,-0.01441172230988741,-0.01554819941520691,-0.00929073616862297,1,0,23,workday,1.0,pca,pca
test,17,-0.014642254449427128,-0.0469195693731308,0.07009787857532501,0.002931157359853387,1,0,0,workday,1.0,pca,pca
test,18,0.1661089062690735,-0.04819222167134285,0.13451147079467773,0.012645252048969269,1,0,0,workday,1.0,pca,pca
test,19,0.32523399591445923,-0.043470654636621475,0.22259457409381866,0.013163380324840546,1,0,1,workday,1.0,pca,pca
test,20,0.45428088307380676,-0.02209622971713543,0.2742781937122345,0.008555528707802296,1,0,1,workday,1.0,pca,pca
test,21,0.5422887802124023,-0.03944864124059677,0.31343382596969604,0.007015797775238752,0,2,2,workday,1.0,pca,pca
test,22,0.6002751588821411,-0.03411838784813881,0.3418056070804596,0.008289249613881111,0,2,2,workday,1.0,pca,pca
test,23,0.6562129855155945,-0.026707928627729416,0.35677817463874817,-0.0004369899397715926,0,2,3,workday,1.0,pca,pca
test,24,0.6943604350090027,-0.01520202960819006,0.3704581558704376,0.0009960958268493414,0,2,3,workday,1.0,pca,pca
test,25,0.7010183334350586,-0.00941713061183691,0.391116201877594,0.009484677575528622,0,2,4,workday,1.0,pca,pca
test,26,0.7251939177513123,0.0021747425198554993,0.3983325958251953,-0.006551157217472792,0,2,4,workday,1.0,pca,pca
test,27,0.7291327714920044,0.013444672338664532,0.3881016969680786,-0.029764370992779732,0,2,5,workday,1.0,pca,pca
test,28,0.7295252084732056,0.02185658924281597,0.3743527829647064,-0.04477546364068985,0,2,5,workday,1.0,pca,pca
test,29,0.6662201285362244,0.05612606182694435,0.3391610383987427,-0.11114799976348877,0,2,6,workday,1.0,pca,pca
test,30,0.5314177870750427,0.11633080244064331,0.28045111894607544,-0.16974006593227386,0,2,6,workday,1.0,pca,pca
test,31,0.21455250680446625,0.18361812829971313,0.12059192359447479,-0.23715904355049133,1,0,7,workday,1.0,pca,pca
test,32,-0.024957751855254173,0.2586780786514282,-0.02439442276954651,-0.23661421239376068,1,0,7,workday,1.0,pca,pca
test,33,-0.30959051847457886,0.26502490043640137,-0.15282349288463593,-0.24659216403961182,1,0,8,workday,1.0,pca,pca
test,34,-0.37848329544067383,0.24995796382427216,-0.17397719621658325,-0.17450827360153198,1,0,8,workday,1.0,pca,pca
test,35,-0.46446284651756287,0.2581591010093689,-0.20557275414466858,-0.15195196866989136,2,1,9,workday,1.0,pca,pca
test,36,-0.42090028524398804,0.18932601809501648,-0.20090848207473755,-0.10513469576835632,2,1,9,workday,1.0,pca,pca
test,37,-0.3110963702201843,0.11439437419176102,-0.17936891317367554,-0.06557465344667435,1,0,10,workday,1.0,pca,pca
test,38,-0.22594842314720154,0.09277525544166565,-0.15622800588607788,-0.024068325757980347,1,0,10,workday,1.0,pca,pca
test,39,-0.23928819596767426,0.06499778479337692,-0.1322241723537445,0.02460699900984764,1,0,11,workday,1.0,pca,pca
test,40,-0.192745178937912,0.04106620326638222,-0.11764977872371674,0.03161374107003212,1,0,11,workday,1.0,pca,pca
test,41,-0.27298858761787415,0.023710593581199646,-0.1448705941438675,0.027430832386016846,1,0,12,workday,1.0,pca,pca
test,42,-0.29072514176368713,0.018886873498558998,-0.15929432213306427,0.026857299730181694,1,0,12,workday,1.0,pca,pca
test,43,-0.23619593679904938,-0.008327980525791645,-0.16245782375335693,0.03115471825003624,1,0,13,workday,1.0,pca,pca
test,44,-0.20937871932983398,-0.02645253948867321,-0.11764474213123322,0.06381013989448547,1,0,13,workday,1.0,pca,pca
test,45,-0.24393539130687714,-0.01989678293466568,-0.14450788497924805,0.04035563766956329,1,0,14,workday,1.0,pca,pca
test,46,-0.25706782937049866,-0.0343322679400444,-0.12204239517450333,0.05106580629944801,1,0,14,workday,1.0,pca,pca
test,47,-0.28819355368614197,-0.024868367239832878,-0.14455726742744446,0.04823153838515282,1,0,15,workday,1.0,pca,pca
test,48,-0.28856995701789856,-0.037692856043577194,-0.1390022188425064,0.056163668632507324,1,0,15,workday,1.0,pca,pca
test,49,-0.1943551003932953,-0.05471564829349518,-0.13074080646038055,0.06666416674852371,1,0,16,workday,1.0,pca,pca
test,50,-0.06307696551084518,-0.05759979411959648,-0.06778936088085175,0.08074723929166794,1,0,16,workday,1.0,pca,pca
test,51,0.005383037496358156,-0.04513203352689743,-0.03132893517613411,0.08851242065429688,1,0,17,workday,1.0,pca,pca
test,52,-0.05399884283542633,-0.05594873055815697,-0.05349656194448471,0.08343583345413208,1,0,17,workday,1.0,pca,pca
test,53,-0.22766536474227905,-0.052539799362421036,-0.16833943128585815,0.012015809305012226,1,0,18,workday,1.0,pca,pca
test,54,-0.3566383123397827,-0.03723123297095299,-0.24603627622127533,-0.025759238749742508,2,1,18,workday,1.0,pca,pca
test,55,-0.5112042427062988,-0.044941287487745285,-0.3043966293334961,-0.044539134949445724,2,1,19,workday,1.0,pca,pca
test,56,-0.5541104674339294,-0.03556729108095169,-0.30953511595726013,-0.04145267605781555,2,1,19,workday,1.0,pca,pca
test,57,-0.6010920405387878,-0.02971041388809681,-0.29538393020629883,-0.035085808485746384,2,1,20,workday,1.0,pca,pca
test,58,-0.6020137667655945,-0.021647591143846512,-0.27789148688316345,-0.0422760471701622,2,1,20,workday,1.0,pca,pca
test,59,-0.5854495763778687,-0.0193640049546957,-0.26800599694252014,-0.055366892367601395,2,1,21,workday,1.0,pca,pca
test,60,-0.5789290070533752,-0.02333958074450493,-0.2756688594818115,-0.06524515151977539,2,1,21,workday,1.0,pca,pca
test,61,-0.5576566457748413,-0.01614542491734028,-0.24415156245231628,-0.05091779679059982,2,1,22,workday,1.0,pca,pca
test,62,-0.4906180202960968,-0.012338557280600071,-0.20632712543010712,-0.04343738779425621,2,1,22,workday,1.0,pca,pca
test,63,-0.4136658012866974,-0.025195885449647903,-0.15134504437446594,-0.024731304496526718,2,1,23,workday,1.0,pca,pca
test,64,-0.35437193512916565,-0.026075737550854683,-0.096440389752388,-0.019480938091874123,2,1,23,workday,1.0,pca,pca
test,65,-0.16535574197769165,-0.05533665418624878,-0.046402458101511,-0.00944930873811245,1,0,0,holiday,1.0,pca,pca
test,66,0.020014554262161255,-0.05352569371461868,0.05668024346232414,0.010783798061311245,1,0,0,holiday,1.0,pca,pca
test,67,0.20567665994167328,-0.05526375025510788,0.14504584670066833,0.01945456676185131,1,0,1,holiday,1.0,pca,pca
test,68,0.3324199318885803,-0.03605763986706734,0.22878721356391907,0.015300347469747066,1,0,1,holiday,1.0,pca,pca
test,69,0.45121192932128906,-0.0240384042263031,0.27657192945480347,0.005175757687538862,1,0,2,holiday,1.0,pca,pca
test,70,0.5297691226005554,-0.028010813519358635,0.3072497844696045,0.00040775578236207366,0,2,2,holiday,1.0,pca,pca
test,71,0.5915157198905945,-0.026420695707201958,0.33397459983825684,-0.0006339674000628293,0,2,3,holiday,1.0,pca,pca
test,72,0.6398363709449768,-0.02101728692650795,0.34945133328437805,0.0012859858106821775,0,2,3,holiday,1.0,pca,pca
test,73,0.6772235631942749,-0.016963733360171318,0.37237197160720825,0.009587210603058338,0,2,4,holiday,1.0,pca,pca
test,74,0.7007972002029419,-0.00956945400685072,0.3813934028148651,-0.0038719712756574154,0,2,4,holiday,1.0,pca,pca
test,75,0.7239779829978943,0.010838092304766178,0.3808424472808838,-0.019936872646212578,0,2,5,holiday,1.0,pca,pca
test,76,0.7245120406150818,0.02006266452372074,0.368843138217926,-0.03734079748392105,0,2,5,holiday,1.0,pca,pca
test,77,0.6582753658294678,0.06425560265779495,0.3412307798862457,-0.09560677409172058,0,2,6,holiday,1.0,pca,pca
test,78,0.5451359152793884,0.11588653177022934,0.2711764872074127,-0.16810165345668793,0,2,6,holiday,1.0,pca,pca
test,79,0.21114301681518555,0.15574003756046295,0.12419333308935165,-0.21739277243614197,1,0,7,holiday,1.0,pca,pca
test,80,-0.049859195947647095,0.25233158469200134,-0.026869697496294975,-0.23146364092826843,1,0,7,holiday,1.0,pca,pca
test,81,-0.2890447974205017,0.27052339911460876,-0.1491984724998474,-0.23099678754806519,1,0,8,holiday,1.0,pca,pca
test,82,-0.4155826270580292,0.2517319917678833,-0.18912094831466675,-0.17968586087226868,2,1,8,holiday,0.9998364448547363,pca,pca
test,83,-0.4625720679759979,0.24367249011993408,-0.22442512214183807,-0.15710149705410004,2,1,9,holiday,1.0,pca,pca
test,84,-0.45153847336769104,0.18819139897823334,-0.2078343778848648,-0.10515698045492172,2,1,9,holiday,1.0,pca,pca
test,85,-0.37928950786590576,0.14937424659729004,-0.1942361742258072,-0.07354456186294556,1,0,10,holiday,1.0,pca,pca
test,86,-0.29060471057891846,0.09692796319723129,-0.1637321412563324,-0.027406610548496246,1,0,10,holiday,1.0,pca,pca
test,87,-0.2591991722583771,0.06150886043906212,-0.15952904522418976,0.006721577141433954,1,0,11,holiday,1.0,pca,pca
test,88,-0.21824495494365692,0.025078043341636658,-0.12823477387428284,0.022036345675587654,1,0,11,holiday,1.0,pca,pca
test,89,-0.26621803641319275,0.03262976557016373,-0.14535076916217804,0.02450467273592949,1,0,12,holiday,1.0,pca,pca
test,90,-0.29295194149017334,0.02260361611843109,-0.1562158316373825,0.028544563800096512,1,0,12,holiday,1.0,pca,pca
test,91,-0.23910798132419586,-0.00620305398479104,-0.14462482929229736,0.0396173894405365,1,0,13,holiday,1.0,pca,pca
test,92,-0.2208476960659027,-0.03262799605727196,-0.12445497512817383,0.05786292627453804,1,0,13,holiday,1.0,pca,pca
test,93,-0.21701200306415558,-0.03617354854941368,-0.14314524829387665,0.038161132484674454,1,0,14,holiday,1.0,pca,pca
test,94,-0.24122104048728943,-0.028625793755054474,-0.10762820392847061,0.06523428112268448,1,0,14,holiday,1.0,pca,pca
test,95,-0.24243371188640594,-0.04475021734833717,-0.13092079758644104,0.0625634714961052,1,0,15,holiday,1.0,pca,pca
test,96,-0.2380724549293518,-0.04019985720515251,-0.12176761776208878,0.06842900812625885,1,0,15,holiday,1.0,pca,pca
test,97,-0.13926906883716583,-0.059670403599739075,-0.11491592973470688,0.07684057205915451,1,0,16,holiday,1.0,pca,pca
test,98,-0.03195606544613838,-0.06725148111581802,-0.04175525903701782,0.08323874324560165,1,0,16,holiday,1.0,pca,pca
test,99,0.05699176713824272,-0.057577621191740036,-0.0007282743463292718,0.09393060207366943,1,0,17,holiday,1.0,pca,pca
test,100,-0.05488045513629913,-0.06261502951383591,-0.06167886406183243,0.07968106865882874,1,0,17,holiday,1.0,pca,pca
test,101,-0.20299917459487915,-0.06959282606840134,-0.1747346669435501,0.010198730044066906,1,0,18,holiday,0.9999892711639404,pca,pca
test,102,-0.37358275055885315,-0.042363833636045456,-0.2447294294834137,-0.02386782504618168,2,1,18,holiday,1.0,pca,pca
test,103,-0.5176191926002502,-0.04628225788474083,-0.2989385426044464,-0.046236008405685425,2,1,19,holiday,1.0,pca,pca
test,104,-0.6329717636108398,-0.01998094655573368,-0.35106417536735535,-0.06984525918960571,2,1,19,holiday,1.0,pca,pca
test,105,-0.6529938578605652,-0.02363860420882702,-0.3388563096523285,-0.07012743502855301,2,1,20,holiday,1.0,pca,pca
test,106,-0.666947066783905,-0.0267151091247797,-0.30007681250572205,-0.05464949458837509,2,1,20,holiday,1.0,pca,pca
test,107,-0.6170763373374939,-0.016055643558502197,-0.27002742886543274,-0.05381755903363228,2,1,21,holiday,1.0,pca,pca
test,108,-0.5538819432258606,-0.03323788940906525,-0.23600268363952637,-0.04075949266552925,2,1,21,holiday,1.0,pca,pca
test,109,-0.5011193752288818,-0.045331183820962906,-0.21310321986675262,-0.02000308968126774,2,1,22,holiday,1.0,pca,pca
test,110,-0.50678551197052,-0.029810328036546707,-0.20936954021453857,-0.03157729655504227,2,1,22,holiday,1.0,pca,pca
test,111,-0.5015622973442078,-0.029545320197939873,-0.20323555171489716,-0.02658313512802124,2,1,23,holiday,1.0,pca,pca
test,112,-0.4254171550273895,-0.07532884925603867,-0.18770065903663635,-0.022005751729011536,2,1,23,holiday,1.0,pca,pca
test,113,-0.427650511264801,-0.059253301471471786,-0.1523149013519287,-0.006922673434019089,2,1,0,holiday,1.0,pca,pca
test,114,-0.3453631103038788,-0.07142612338066101,-0.12275487929582596,-0.010342459194362164,2,1,0,holiday,1.0,pca,pca
test,115,-0.20323015749454498,-0.06782062351703644,-0.08054622262716293,-0.009497689083218575,1,0,1,holiday,1.0,pca,pca
test,116,-0.13585560023784637,-0.03549725562334061,-0.01972879096865654,-0.0016370314406231046,1,0,1,holiday,1.0,pca,pca
test,117,-0.050770681351423264,-0.030384765937924385,0.032847825437784195,-0.0003289056185167283,1,0,2,holiday,1.0,pca,pca
test,118,0.003519800491631031,-0.0007259835838340223,0.0812339186668396,-0.003356590634211898,1,0,2,holiday,1.0,pca,pca
test,119,0.11093898117542267,0.030864644795656204,0.10688227415084839,-0.008102672174572945,1,0,3,holiday,1.0,pca,pca
test,120,0.20060984790325165,0.01930486410856247,0.17070166766643524,-0.0030623890925198793,1,0,3,holiday,1.0,pca,pca
test,121,0.3082226812839508,0.03691675513982773,0.21946249902248383,0.01108972355723381,1,0,4,holiday,1.0,pca,pca
test,122,0.4351889193058014,0.0351114384829998,0.2560499906539917,0.009853326715528965,1,0,4,holiday,1.0,pca,pca
test,123,0.613990306854248,0.01539679802954197,0.31848350167274475,0.0146377207711339,0,2,5,holiday,1.0,pca,pca
test,124,0.6781301498413086,0.012752154842019081,0.3432449996471405,0.002677932847291231,0,2,5,holiday,1.0,pca,pca
test,125,0.6931712031364441,0.024656623601913452,0.3532070219516754,-0.022005222737789154,0,2,6,holiday,1.0,pca,pca
test,126,0.6945967078208923,0.031919002532958984,0.3553653061389923,-0.03680150955915451,0,2,6,holiday,1.0,pca,pca
test,127,0.6804755330085754,0.01637960970401764,0.33451664447784424,-0.0675392746925354,0,2,7,holiday,1.0,pca,pca
test,128,0.6626698970794678,0.029239512979984283,0.32173529267311096,-0.057541657239198685,0,2,7,holiday,1.0,pca,pca
test,129,0.6038787364959717,0.013293975032866001,0.27927395701408386,-0.03981813043355942,0,2,8,holiday,1.0,pca,pca
test,130,0.5617603063583374,0.000711921660695225,0.2617497742176056,-0.02130988985300064,0,2,8,holiday,0.9541105628013611,pca,pca
test,131,0.4102248251438141,0.016167111694812775,0.1532127857208252,-0.04442254826426506,1,0,9,holiday,1.0,pca,pca
test,132,0.3243938684463501,0.01426143478602171,0.1264716386795044,-0.005751277320086956,1,0,9,holiday,1.0,pca,pca
test,133,0.1608748435974121,0.005441125016659498,-0.010457879863679409,-0.022441601380705833,1,0,10,holiday,1.0,pca,pca
test,134,0.07046090811491013,0.01175613608211279,0.0010790040250867605,0.03897887095808983,1,0,10,holiday,1.0,pca,pca
test,135,-0.06678971648216248,0.002357346471399069,-0.08460427075624466,0.04070693254470825,1,0,11,holiday,1.0,pca,pca
test,136,-0.10541296005249023,-0.020821405574679375,-0.08065418899059296,0.05602650344371796,1,0,11,holiday,1.0,pca,pca
test,137,-0.2710506319999695,0.006992592476308346,-0.16866454482078552,0.028483448550105095,2,1,12,holiday,0.9999221563339233,pca,pca
test,138,-0.29220885038375854,0.01262520533055067,-0.179780051112175,0.0297662615776062,2,1,12,holiday,0.9999997615814209,pca,pca
test,139,-0.3075844347476959,0.01015590038150549,-0.18820850551128387,0.02945462055504322,2,1,13,holiday,1.0,pca,pca
test,140,-0.3569067120552063,0.0059546250849962234,-0.198018878698349,0.03476017341017723,2,1,13,holiday,1.0,pca,pca
test,141,-0.44052618741989136,0.013593227602541447,-0.22656317055225372,0.018480639904737473,2,1,14,holiday,1.0,pca,pca
test,142,-0.4034157395362854,-0.016591593623161316,-0.21802566945552826,0.025511324405670166,2,1,14,holiday,1.0,pca,pca
test,143,-0.27532312273979187,-0.03701293468475342,-0.19601784646511078,0.043408606201410294,1,0,15,holiday,0.9937728047370911,pca,pca
test,144,-0.1552525758743286,-0.06576922535896301,-0.11178015917539597,0.07694818824529648,1,0,15,holiday,1.0,pca,pca
test,145,-0.04736883565783501,-0.08585240691900253,-0.07679320871829987,0.08605804294347763,1,0,16,holiday,1.0,pca,pca
test,146,0.06017612665891647,-0.08249839395284653,-0.024465421214699745,0.10882247984409332,1,0,16,holiday,1.0,pca,pca
test,147,0.08649260550737381,-0.06835002452135086,-0.020137552171945572,0.11147041618824005,1,0,17,holiday,1.0,pca,pca
test,148,0.11114609241485596,-0.06979353725910187,-0.03925776854157448,0.09793993830680847,1,0,17,holiday,1.0,pca,pca
test,149,-0.02357848547399044,-0.08384640514850616,-0.08538801968097687,0.06957150995731354,1,0,18,holiday,1.0,pca,pca
test,150,-0.14699888229370117,-0.08987610787153244,-0.15836553275585175,0.04080101102590561,1,0,18,holiday,1.0,pca,pca
test,151,-0.2627234160900116,-0.07400663942098618,-0.23208916187286377,0.0008538925321772695,2,1,19,holiday,1.0,pca,pca
test,152,-0.32745662331581116,-0.06904520839452744,-0.2649988532066345,-0.01119612343609333,2,1,19,holiday,1.0,pca,pca
test,153,-0.31954753398895264,-0.03967554494738579,-0.24367491900920868,-0.006644273176789284,2,1,20,holiday,1.0,pca,pca
test,154,-0.22934746742248535,-0.06605140119791031,-0.17124387621879578,0.020083008334040642,1,0,20,holiday,1.0,pca,pca
test,155,-0.17350973188877106,-0.06866493076086044,-0.10351493209600449,0.05322350934147835,1,0,21,holiday,1.0,pca,pca
test,156,-0.1574975848197937,-0.07383091002702713,-0.08660261332988739,0.06618980318307877,1,0,21,holiday,1.0,pca,pca
test,157,-0.20991189777851105,-0.07888910174369812,-0.12783046066761017,0.05250726267695427,1,0,22,holiday,0.9991080164909363,pca,pca
test,158,-0.22660700976848602,-0.08174882084131241,-0.14218741655349731,0.043359726667404175,2,1,22,holiday,1.0,pca,pca
test,159,-0.21953485906124115,-0.08121617883443832,-0.1461515724658966,0.03771604970097542,2,1,23,holiday,0.9999979734420776,pca,pca
test,160,-0.22488631308078766,-0.0845545083284378,-0.1393897384405136,0.02897542342543602,2,1,23,holiday,1.0,pca,pca
test,161,-0.19640809297561646,-0.08124098926782608,-0.1142703965306282,0.0321011058986187,1,0,0,workday,0.9999884366989136,pca,pca
test,162,-0.1825733631849289,-0.0728401318192482,-0.07483778148889542,0.03292803838849068,1,0,0,workday,1.0,pca,pca
test,163,-0.10864244401454926,-0.07087121903896332,-0.02709246426820755,0.035079196095466614,1,0,1,workday,1.0,pca,pca
test,164,-0.026887699961662292,-0.04568138346076012,0.012760736048221588,0.03600088134407997,1,0,1,workday,1.0,pca,pca
test,165,0.009027021937072277,-0.031163865700364113,0.05313864350318909,0.03383205458521843,1,0,2,workday,1.0,pca,pca
test,166,0.052152588963508606,-0.004251322243362665,0.07905378937721252,0.024359093979001045,1,0,2,workday,1.0,pca,pca
test,167,0.09666536748409271,0.027350248768925667,0.11609163880348206,0.022328805178403854,1,0,3,workday,1.0,pca,pca
test,168,0.18393473327159882,0.03558279201388359,0.15383370220661163,0.02346448041498661,1,0,3,workday,1.0,pca,pca
test,169,0.2633659243583679,0.028026767075061798,0.1986481249332428,0.019300390034914017,1,0,4,workday,1.0,pca,pca
test,170,0.40869781374931335,0.028627794235944748,0.24817006289958954,0.026827292516827583,1,0,4,workday,1.0,pca,pca
test,171,0.5851635336875916,0.007272615563124418,0.30869412422180176,0.03806854411959648,0,2,5,workday,1.0,pca,pca
test,172,0.6590912342071533,0.005273062735795975,0.3466211259365082,0.021995823830366135,0,2,5,workday,1.0,pca,pca
test,173,0.6977523565292358,0.017389200627803802,0.36032339930534363,0.0047018639743328094,0,2,6,workday,1.0,pca,pca
test,174,0.7114875316619873,0.022022973746061325,0.367318332195282,-0.021988285705447197,0,2,6,workday,1.0,pca,pca
test,175,0.7019048929214478,0.014153754338622093,0.3571927845478058,-0.05219123512506485,0,2,7,workday,1.0,pca,pca
test,176,0.6955581903457642,0.013888973742723465,0.3611741065979004,-0.035013437271118164,0,2,7,workday,1.0,pca,pca
test,177,0.6669283509254456,0.013259539380669594,0.32674527168273926,-0.013324285857379436,0,2,8,workday,1.0,pca,pca
test,178,0.6270760297775269,0.009476923383772373,0.3203093707561493,0.010544399730861187,0,2,8,workday,1.0,pca,pca
test,179,0.5299099683761597,0.004509542603045702,0.24001887440681458,-0.012117770500481129,1,0,9,workday,1.0,pca,pca
test,180,0.4595162868499756,-0.006952290423214436,0.1924208700656891,-0.009095780551433563,1,0,9,workday,1.0,pca,pca
test,181,0.3260476291179657,-0.008966629393398762,0.08523955941200256,-0.024743791669607162,1,0,10,workday,1.0,pca,pca
test,182,0.1998845487833023,-0.004571355413645506,0.0805056169629097,0.02729954943060875,1,0,10,workday,1.0,pca,pca
test,183,0.010354646481573582,0.046957407146692276,-0.03310719132423401,0.01338038221001625,1,0,11,workday,1.0,pca,pca
test,184,-0.03970301151275635,0.01332535594701767,-0.056258425116539,0.0387667678296566,1,0,11,workday,1.0,pca,pca
test,185,-0.12286648154258728,-0.01648855209350586,-0.10015253722667694,0.04848403111100197,1,0,12,workday,1.0,pca,pca
test,186,-0.16326479613780975,0.0029264739714562893,-0.1091431975364685,0.06323986500501633,1,0,12,workday,1.0,pca,pca
test,187,-0.16713391244411469,-0.02152845822274685,-0.12991079688072205,0.06952102482318878,1,0,13,workday,1.0,pca,pca
test,188,-0.17661595344543457,-0.02000291459262371,-0.09670250862836838,0.08439825475215912,1,0,13,workday,1.0,pca,pca
test,189,-0.1596561074256897,-0.04734572768211365,-0.09383691847324371,0.09179224818944931,1,0,14,workday,1.0,pca,pca
test,190,-0.13979528844356537,-0.0424593947827816,-0.06482017785310745,0.1019892692565918,1,0,14,workday,1.0,pca,pca
test,191,-0.10899420827627182,-0.04660198464989662,-0.09490381181240082,0.09402201324701309,1,0,15,workday,1.0,pca,pca
test,192,-0.016281483694911003,-0.048693329095840454,-0.08120567351579666,0.0985671728849411,1,0,15,workday,1.0,pca,pca
test,193,-0.001591342967003584,-0.06348392367362976,-0.04336368292570114,0.112503781914711,1,0,16,workday,1.0,pca,pca
test,194,0.06384915113449097,-0.07548543065786362,-0.05688628554344177,0.10508842021226883,1,0,16,workday,1.0,pca,pca
test,195,0.05524279177188873,-0.06715487688779831,-0.04488957300782204,0.10763916373252869,1,0,17,workday,1.0,pca,pca
test,196,0.027989696711301804,-0.05949656292796135,-0.022322023287415504,0.11762901395559311,1,0,17,workday,1.0,pca,pca
test,197,-0.04327059164643288,-0.08369334787130356,-0.03816697746515274,0.11420604586601257,1,0,18,workday,1.0,pca,pca
test,198,-0.11065085977315903,-0.07786235958337784,-0.047763049602508545,0.10500196367502213,1,0,18,workday,1.0,pca,pca
test,199,-0.17546296119689941,-0.09119068086147308,-0.07727233320474625,0.08783816546201706,1,0,19,workday,1.0,pca,pca
test,200,-0.17359666526317596,-0.089205801486969,-0.08827917277812958,0.08331944793462753,1,0,19,workday,1.0,pca,pca
test,201,-0.06731486320495605,-0.07868318259716034,-0.04726941138505936,0.09433729946613312,1,0,20,workday,1.0,pca,pca
test,202,0.056557271629571915,-0.07575203478336334,0.028760714456439018,0.10218682140111923,1,0,20,workday,1.0,pca,pca
test,203,0.16129042208194733,-0.06496764719486237,0.09030760079622269,0.09941413998603821,1,0,21,workday,1.0,pca,pca
test,204,0.2362954318523407,-0.049473393708467484,0.14556586742401123,0.09426896274089813,1,0,21,workday,1.0,pca,pca
test,205,0.2819657623767853,-0.042522381991147995,0.15726488828659058,0.09105627983808517,1,0,22,workday,1.0,pca,pca
test,206,0.2599714398384094,-0.01950579322874546,0.16724267601966858,0.08507782220840454,1,0,22,workday,1.0,pca,pca
test,207,0.264412522315979,-0.022623000666499138,0.16269496083259583,0.08100974559783936,1,0,23,workday,1.0,pca,pca
test,208,0.3894498646259308,-0.035873234272003174,0.17045734822750092,0.08721133321523666,1,0,23,workday,1.0,pca,pca
test,209,0.43291494250297546,-0.007002625614404678,0.2513377368450165,0.08846242725849152,1,0,0,workday,1.0,pca,pca
test,210,0.41518425941467285,-0.023346517235040665,0.3089737594127655,0.06405411660671234,1,0,0,workday,1.0,pca,pca
test,211,0.5014973282814026,-0.03953491523861885,0.264952689409256,0.053694453090429306,1,0,1,workday,1.0,pca,pca
test,212,0.619604229927063,-0.03044978715479374,0.30786165595054626,0.07980976998806,0,2,1,workday,1.0,pca,pca
test,213,0.6515057682991028,-0.031993769109249115,0.3634710907936096,0.050464507192373276,0,2,2,workday,1.0,pca,pca
test,214,0.6836970448493958,-0.02816658653318882,0.3897537291049957,0.023562472313642502,0,2,2,workday,1.0,pca,pca
test,215,0.712472677230835,-0.018711067736148834,0.4001017212867737,0.009794434532523155,0,2,3,workday,1.0,pca,pca
test,216,0.7287420630455017,-0.007640841417014599,0.401230126619339,-0.00219795573502779,0,2,3,workday,1.0,pca,pca
test,217,0.7319411635398865,0.003076449502259493,0.3974781036376953,-0.013951679691672325,0,2,4,workday,1.0,pca,pca
test,218,0.7326503992080688,0.011834903620183468,0.40366774797439575,-0.018048472702503204,0,2,4,workday,1.0,pca,pca
test,219,0.7451813220977783,0.023188354447484016,0.3971993923187256,-0.024769416078925133,0,2,5,workday,1.0,pca,pca
test,220,0.7401772737503052,0.026503922417759895,0.38741323351860046,-0.03776267543435097,0,2,5,workday,1.0,pca,pca
test,221,0.6683014035224915,0.05934087187051773,0.3520963788032532,-0.07375335693359375,0,2,6,workday,1.0,pca,pca
test,222,0.5635920166969299,0.09354378283023834,0.2841683626174927,-0.15444889664649963,0,2,6,workday,1.0,pca,pca
test,223,0.25757038593292236,0.16694727540016174,0.1424959897994995,-0.19096069037914276,1,0,7,workday,1.0,pca,pca
test,224,0.038939718157052994,0.21594390273094177,0.0232883021235466,-0.18560025095939636,1,0,7,workday,1.0,pca,pca
test,225,-0.1372726857662201,0.21744000911712646,-0.08266191929578781,-0.18409383296966553,1,0,8,workday,1.0,pca,pca
test,226,-0.26947352290153503,0.20933635532855988,-0.11036676913499832,-0.12348843365907669,1,0,8,workday,1.0,pca,pca
test,227,-0.2930223345756531,0.1719352900981903,-0.15469157695770264,-0.11500775814056396,1,0,9,workday,1.0,pca,pca
test,228,-0.29368680715560913,0.17082606256008148,-0.14120548963546753,-0.0745663195848465,1,0,9,workday,1.0,pca,pca
test,229,-0.2064373642206192,0.10465184599161148,-0.14370670914649963,-0.04658255726099014,1,0,10,workday,1.0,pca,pca
test,230,-0.08487696200609207,0.04592226445674896,-0.08257202804088593,0.016343465074896812,1,0,10,workday,1.0,pca,pca
test,231,-0.07138371467590332,0.033080168068408966,-0.05434025451540947,0.042871054261922836,1,0,11,workday,1.0,pca,pca
test,232,-0.004371121060103178,0.00875045545399189,-0.03363153710961342,0.05940106138586998,1,0,11,workday,1.0,pca,pca
test,233,-0.04604758322238922,0.0036372607573866844,-0.058210816234350204,0.06206030026078224,1,0,12,workday,1.0,pca,pca
test,234,-0.08652504533529282,-0.0072855399921536446,-0.06849753111600876,0.06395504623651505,1,0,12,workday,1.0,pca,pca
test,235,-0.08583474904298782,-0.03273463994264603,-0.08665075898170471,0.06178561970591545,1,0,13,workday,1.0,pca,pca
test,236,-0.027122817933559418,-0.039418891072273254,-0.05959942564368248,0.0813358724117279,1,0,13,workday,1.0,pca,pca
test,237,-0.09127107262611389,-0.03206893801689148,-0.026470720767974854,0.09105653315782547,1,0,14,workday,1.0,pca,pca
test,238,-0.07176630198955536,-0.04707194119691849,-0.04881851002573967,0.06866171956062317,1,0,14,workday,1.0,pca,pca
test,239,-0.14172877371311188,-0.039332762360572815,-0.09279665350914001,0.06069871038198471,1,0,15,workday,1.0,pca,pca
test,240,-0.13184091448783875,-0.047697219997644424,-0.09583892673254013,0.07991188764572144,1,0,15,workday,1.0,pca,pca
test,241,-0.12217362970113754,-0.049215253442525864,-0.10780065506696701,0.08348111808300018,1,0,16,workday,1.0,pca,pca
test,242,-0.07218145579099655,-0.04729032516479492,-0.07236987352371216,0.09565761685371399,1,0,16,workday,1.0,pca,pca
test,243,-0.054952315986156464,-0.05217855051159859,-0.04873259365558624,0.10768246650695801,1,0,17,workday,1.0,pca,pca
test,244,-0.11265473067760468,-0.05905047804117203,-0.06178702041506767,0.09694940596818924,1,0,17,workday,1.0,pca,pca
test,245,-0.2904072105884552,-0.055414967238903046,-0.1661442518234253,0.01875714585185051,2,1,18,workday,1.0,pca,pca
test,246,-0.3973146677017212,-0.04398806765675545,-0.24965260922908783,-0.02341287210583687,2,1,18,workday,1.0,pca,pca
test,247,-0.5084962248802185,-0.0347408652305603,-0.2623423933982849,-0.017571600154042244,2,1,19,workday,1.0,pca,pca
test,248,-0.5284799933433533,-0.030679170042276382,-0.25659677386283875,-0.012305392883718014,2,1,19,workday,1.0,pca,pca
test,249,-0.5193776488304138,-0.03486542031168938,-0.2248038649559021,-0.00804197695106268,2,1,20,workday,1.0,pca,pca
test,250,-0.4607082009315491,-0.04313298314809799,-0.1953132599592209,-0.008268716745078564,2,1,20,workday,1.0,pca,pca
test,251,-0.4089120924472809,-0.025029180571436882,-0.16936622560024261,-0.00496694864705205,2,1,21,workday,1.0,pca,pca
test,252,-0.37486469745635986,-0.026706580072641373,-0.15944106876850128,-0.005864967592060566,2,1,21,workday,1.0,pca,pca
test,253,-0.28150373697280884,-0.049481090158224106,-0.12001033872365952,-0.005885348655283451,2,1,22,workday,1.0,pca,pca
test,254,-0.2958212196826935,-0.03015652485191822,-0.07259199023246765,-0.0012079458683729172,2,1,22,workday,1.0,pca,pca
test,255,-0.08994906395673752,-0.0628141388297081,-0.027748212218284607,0.009083658456802368,1,0,23,workday,1.0,pca,pca
test,256,0.07807821035385132,-0.05888419970870018,0.0733908861875534,0.02531415782868862,1,0,23,workday,1.0,pca,pca
test,257,0.2275768518447876,-0.06525392830371857,0.16696830093860626,0.0310229379683733,1,0,0,workday,1.0,pca,pca
test,258,0.33994272351264954,-0.05700799822807312,0.2349868267774582,0.027044100686907768,1,0,0,workday,1.0,pca,pca
test,259,0.4730336368083954,-0.03972816839814186,0.2876211404800415,0.0239926315844059,1,0,1,workday,1.0,pca,pca
test,260,0.5666890144348145,-0.036294713616371155,0.31883230805397034,0.012484119273722172,0,2,1,workday,1.0,pca,pca
test,261,0.6222077012062073,-0.031200207769870758,0.34637072682380676,0.007495669648051262,0,2,2,workday,1.0,pca,pca
test,262,0.6614782214164734,-0.023121830075979233,0.3642815053462982,0.002220967784523964,0,2,2,workday,1.0,pca,pca
test,263,0.6915602087974548,-0.01654692366719246,0.38215991854667664,0.0045140404254198074,0,2,3,workday,1.0,pca,pca
test,264,0.708484411239624,-0.0073623755015432835,0.3956313133239746,-0.0023716390132904053,0,2,3,workday,1.0,pca,pca
test,265,0.7240139842033386,0.0011674410197883844,0.40026676654815674,-0.010267233476042747,0,2,4,workday,1.0,pca,pca
test,266,0.7360129356384277,0.007686390541493893,0.40185606479644775,-0.0208087470382452,0,2,4,workday,1.0,pca,pca
test,267,0.734990119934082,0.018743012100458145,0.3826512396335602,-0.04257696866989136,0,2,5,workday,1.0,pca,pca
test,268,0.7276458740234375,0.026314789429306984,0.3773016333580017,-0.06711363047361374,0,2,5,workday,1.0,pca,pca
test,269,0.6526338458061218,0.06744012236595154,0.33017662167549133,-0.15076830983161926,0,2,6,workday,1.0,pca,pca
test,270,0.5147259831428528,0.1320766657590866,0.2685834765434265,-0.19389306008815765,0,2,6,workday,1.0,pca,pca
test,271,0.16686315834522247,0.19228947162628174,0.09136578440666199,-0.24879534542560577,1,0,7,workday,1.0,pca,pca
test,272,-0.10699518024921417,0.27878546714782715,-0.05090434476733208,-0.2470550239086151,1,0,7,workday,1.0,pca,pca
test,273,-0.32853907346725464,0.26709040999412537,-0.1727174073457718,-0.254469096660614,1,0,8,workday,1.0,pca,pca
test,274,-0.41563209891319275,0.2263176143169403,-0.18869732320308685,-0.17496071755886078,2,1,8,workday,1.0,pca,pca
test,275,-0.4678572118282318,0.22438718378543854,-0.22221000492572784,-0.1510704606771469,2,1,9,workday,1.0,pca,pca
test,276,-0.4314657151699066,0.17286626994609833,-0.1970590502023697,-0.09423058480024338,2,1,9,workday,1.0,pca,pca
test,277,-0.35936182737350464,0.12832334637641907,-0.17953605949878693,-0.05962245538830757,1,0,10,workday,1.0,pca,pca
test,278,-0.2535732388496399,0.09710454940795898,-0.1437278836965561,-0.011403864249587059,1,0,10,workday,1.0,pca,pca
test,279,-0.1945691853761673,0.04496937245130539,-0.13523070514202118,0.019120121374726295,1,0,11,workday,1.0,pca,pca
test,280,-0.14401933550834656,0.01593904197216034,-0.10505025088787079,0.03707708418369293,1,0,11,workday,1.0,pca,pca
test,281,-0.19610263407230377,0.03046855516731739,-0.11704221367835999,0.03555985912680626,1,0,12,workday,1.0,pca,pca
test,282,-0.20919007062911987,0.014692960307002068,-0.13396316766738892,0.03726452961564064,1,0,12,workday,1.0,pca,pca
test,283,-0.17423008382320404,-0.004944236949086189,-0.13889028131961823,0.04276331886649132,1,0,13,workday,1.0,pca,pca
test,284,-0.14250747859477997,-0.04005829617381096,-0.10961993038654327,0.059150513261556625,1,0,13,workday,1.0,pca,pca
test,285,-0.16345666348934174,-0.023869743570685387,-0.10012440383434296,0.057853732258081436,1,0,14,workday,1.0,pca,pca
test,286,-0.16800016164779663,-0.02302594482898712,-0.1018492579460144,0.0514078252017498,1,0,14,workday,1.0,pca,pca
test,287,-0.21757709980010986,-0.030077142640948296,-0.13392184674739838,0.044820018112659454,1,0,15,workday,1.0,pca,pca
test,288,-0.2244143933057785,-0.04203313961625099,-0.13502871990203857,0.06214558333158493,1,0,15,workday,1.0,pca,pca
test,289,-0.2013213336467743,-0.06211327016353607,-0.12359083443880081,0.07285153865814209,1,0,16,workday,1.0,pca,pca
test,290,-0.04583979770541191,-0.05750584974884987,-0.06763589382171631,0.08539793640375137,1,0,16,workday,1.0,pca,pca
test,291,0.012299219146370888,-0.05231698229908943,-0.012340612709522247,0.09473098814487457,1,0,17,workday,1.0,pca,pca
test,292,-0.06620211154222488,-0.055025260895490646,-0.049938540905714035,0.08246491849422455,1,0,17,workday,1.0,pca,pca
test,293,-0.19661471247673035,-0.07137451320886612,-0.15375639498233795,0.016611957922577858,1,0,18,workday,1.0,pca,pca
test,294,-0.3753240704536438,-0.04856981337070465,-0.23076122999191284,-0.023867344483733177,2,1,18,workday,1.0,pca,pca
test,295,-0.4901154637336731,-0.026884978637099266,-0.28311657905578613,-0.036186374723911285,2,1,19,workday,1.0,pca,pca
test,296,-0.5426129102706909,-0.019211094826459885,-0.2974570095539093,-0.043909456580877304,2,1,19,workday,1.0,pca,pca
test,297,-0.54902184009552,-0.008676864206790924,-0.2414700984954834,-0.02209467999637127,2,1,20,workday,1.0,pca,pca
test,298,-0.5069740414619446,-0.006384990178048611,-0.21684350073337555,-0.02250051498413086,2,1,20,workday,1.0,pca,pca
test,299,-0.49836066365242004,-0.01077284850180149,-0.23418790102005005,-0.04573667049407959,2,1,21,workday,1.0,pca,pca
test,300,-0.48810911178588867,-0.004240949638187885,-0.22264555096626282,-0.04245682805776596,2,1,21,workday,1.0,pca,pca
test,301,-0.42471474409103394,-0.017151163890957832,-0.19033481180667877,-0.0367041677236557,2,1,22,workday,1.0,pca,pca
test,302,-0.3884963393211365,0.004084851127117872,-0.1379263550043106,-0.026651619002223015,2,1,22,workday,1.0,pca,pca
test,303,-0.27472588419914246,-0.03599768504500389,-0.08816554397344589,-0.021516183391213417,1,0,23,workday,0.9999980926513672,pca,pca
test,304,-0.10442376136779785,-0.03288336843252182,0.014969166368246078,-0.010222960263490677,1,0,23,workday,1.0,pca,pca
test,305,0.10802558064460754,-0.05926140025258064,0.10546640306711197,0.012448894791305065,1,0,0,workday,1.0,pca,pca
test,306,0.24731135368347168,-0.04774613678455353,0.1832328885793686,0.014221766032278538,1,0,0,workday,1.0,pca,pca
test,307,0.40946513414382935,-0.04012661054730415,0.2509329319000244,0.01941998302936554,1,0,1,workday,1.0,pca,pca
test,308,0.5060356259346008,-0.04001813381910324,0.2934293746948242,0.009455792605876923,0,2,1,workday,1.0,pca,pca
test,309,0.5851784944534302,-0.03238695487380028,0.32297444343566895,0.0018844775622710586,0,2,2,workday,1.0,pca,pca
test,310,0.6237660646438599,-0.03063659556210041,0.3519551157951355,0.00879859272390604,0,2,2,workday,1.0,pca,pca
test,311,0.6737971901893616,-0.021786898374557495,0.36547964811325073,0.0016876241425052285,0,2,3,workday,1.0,pca,pca
test,312,0.699741005897522,-0.011471286416053772,0.3859950006008148,0.0018270555883646011,0,2,3,workday,1.0,pca,pca
test,313,0.7130336165428162,-0.002684161299839616,0.3952476382255554,-0.0022117358166724443,0,2,4,workday,1.0,pca,pca
test,314,0.7258322834968567,0.00541690643876791,0.39810237288475037,-0.015910554677248,0,2,4,workday,1.0,pca,pca
test,315,0.7337030172348022,0.022107018157839775,0.3762527406215668,-0.04696328192949295,0,2,5,workday,1.0,pca,pca
test,316,0.7261872291564941,0.030361538752913475,0.36963164806365967,-0.0748494565486908,0,2,5,workday,1.0,pca,pca
test,317,0.6482200622558594,0.0667949691414833,0.3255208730697632,-0.1642739623785019,0,2,6,workday,1.0,pca,pca
test,318,0.5352014899253845,0.11241941154003143,0.26190775632858276,-0.21397536993026733,0,2,6,workday,1.0,pca,pca
test,319,0.2171836793422699,0.1656562238931656,0.090103380382061,-0.26668092608451843,1,0,7,workday,1.0,pca,pca
test,320,-0.08093757927417755,0.2661469876766205,-0.03741416707634926,-0.24651359021663666,1,0,7,workday,1.0,pca,pca
test,321,-0.30404481291770935,0.23650291562080383,-0.15485168993473053,-0.24658985435962677,1,0,8,workday,1.0,pca,pca
test,322,-0.3679128587245941,0.22401098906993866,-0.1611146181821823,-0.16798801720142365,2,1,8,workday,0.9317347407341003,pca,pca
test,323,-0.4634014368057251,0.2129039466381073,-0.19316831231117249,-0.143724262714386,2,1,9,workday,1.0,pca,pca
test,324,-0.3935849070549011,0.17773255705833435,-0.18774321675300598,-0.09297046810388565,1,0,9,workday,0.9666847586631775,pca,pca
test,325,-0.3157234489917755,0.1387992799282074,-0.1689148098230362,-0.05455512925982475,1,0,10,workday,1.0,pca,pca
test,326,-0.1710449457168579,0.06515870988368988,-0.13059985637664795,-0.0060920133255422115,1,0,10,workday,1.0,pca,pca
test,327,-0.1625860333442688,0.036198049783706665,-0.12548989057540894,0.02391565591096878,1,0,11,workday,1.0,pca,pca
test,328,-0.09933099895715714,0.012045546434819698,-0.09185010194778442,0.041474077850580215,1,0,11,workday,1.0,pca,pca
test,329,-0.14945057034492493,0.011196925304830074,-0.10763328522443771,0.03987530246376991,1,0,12,workday,1.0,pca,pca
test,330,-0.18376272916793823,0.011119173839688301,-0.1270538717508316,0.041405629366636276,1,0,12,workday,1.0,pca,pca
test,331,-0.17746251821517944,-0.01419143471866846,-0.11505309492349625,0.050408028066158295,1,0,13,workday,1.0,pca,pca
test,332,-0.10190540552139282,-0.027203474193811417,-0.08298801630735397,0.07342929393053055,1,0,13,workday,1.0,pca,pca
test,333,-0.128337100148201,-0.02765510417521,-0.10498923063278198,0.04549593850970268,1,0,14,workday,1.0,pca,pca
test,334,-0.13712725043296814,-0.042589787393808365,-0.08065693825483322,0.06852540373802185,1,0,14,workday,1.0,pca,pca
test,335,-0.20148740708827972,-0.030012842267751694,-0.09676913172006607,0.07107523083686829,1,0,15,workday,1.0,pca,pca
test,336,-0.19183187186717987,-0.04426835849881172,-0.10237599909305573,0.06906483322381973,1,0,15,workday,1.0,pca,pca
test,337,-0.10307683050632477,-0.05397568270564079,-0.0914597138762474,0.07804200053215027,1,0,16,workday,1.0,pca,pca
test,338,0.016812240704894066,-0.06486287713050842,-0.028947986662387848,0.0858130007982254,1,0,16,workday,1.0,pca,pca
test,339,0.08155809342861176,-0.058577295392751694,0.014190670102834702,0.09872576594352722,1,0,17,workday,1.0,pca,pca
test,340,0.027122948318719864,-0.046739883720874786,-0.017799893394112587,0.08705531805753708,1,0,17,workday,1.0,pca,pca
test,341,-0.09676896780729294,-0.059437595307826996,-0.10833309590816498,0.028934551402926445,1,0,18,workday,1.0,pca,pca
test,342,-0.2906615436077118,-0.05520232021808624,-0.19243772327899933,-0.011252476833760738,2,1,18,workday,1.0,pca,pca
test,343,-0.4132395386695862,-0.047738268971443176,-0.2503202259540558,-0.028195157647132874,2,1,19,workday,1.0,pca,pca
test,344,-0.5297141671180725,-0.016149025410413742,-0.2720039486885071,-0.03806508705019951,2,1,19,workday,1.0,pca,pca
test,345,-0.5528987050056458,-0.015614138916134834,-0.2488003373146057,-0.030292430892586708,2,1,20,workday,1.0,pca,pca
test,346,-0.5001025795936584,-0.012996123172342777,-0.22836606204509735,-0.036628250032663345,2,1,20,workday,1.0,pca,pca
test,347,-0.5169390439987183,-0.01074849721044302,-0.19392642378807068,-0.028183413669466972,2,1,21,workday,1.0,pca,pca
test,348,-0.4400421380996704,-0.01368567906320095,-0.1824636459350586,-0.02365366742014885,2,1,21,workday,1.0,pca,pca
test,349,-0.43681636452674866,-0.013280929066240788,-0.17506606876850128,-0.033656004816293716,2,1,22,workday,1.0,pca,pca
test,350,-0.42751041054725647,0.0058465213514864445,-0.13960088789463043,-0.023281285539269447,2,1,22,workday,1.0,pca,pca
test,351,-0.3014759421348572,-0.022312913089990616,-0.08428419381380081,-0.005892102140933275,2,1,23,workday,1.0,pca,pca
test,352,-0.15795326232910156,-0.025921063497662544,-0.00877783726900816,-0.00215848907828331,1,0,23,workday,1.0,pca,pca
test,353,0.008175971917808056,-0.04177424684166908,0.06473954021930695,0.01029285043478012,1,0,0,workday,1.0,pca,pca
test,354,0.1741400957107544,-0.05530619993805885,0.16797587275505066,0.01819758303463459,1,0,0,workday,1.0,pca,pca
test,355,0.3179791271686554,-0.029207685962319374,0.23549692332744598,0.014429427683353424,1,0,1,workday,1.0,pca,pca
test,356,0.4675074517726898,-0.03172336146235466,0.2872418761253357,0.01153308991342783,1,0,1,workday,1.0,pca,pca
test,357,0.5449111461639404,-0.037080809473991394,0.31733763217926025,0.005669049918651581,0,2,2,workday,1.0,pca,pca
test,358,0.6116462349891663,-0.03270703926682472,0.3444671332836151,0.00365847977809608,0,2,2,workday,1.0,pca,pca
test,359,0.6587448716163635,-0.024401407688856125,0.3600712716579437,0.0012533360859379172,0,2,3,workday,1.0,pca,pca
test,360,0.693077564239502,-0.014093104749917984,0.3750164806842804,-0.0023461482487618923,0,2,3,workday,1.0,pca,pca
test,361,0.7051832675933838,-0.003776774276047945,0.39452847838401794,0.005503682419657707,0,2,4,workday,1.0,pca,pca
test,362,0.7205312252044678,0.004740724805742502,0.39378419518470764,-0.01587497629225254,0,2,4,workday,1.0,pca,pca
test,363,0.7339397668838501,0.023159943521022797,0.37789496779441833,-0.038286350667476654,0,2,5,workday,1.0,pca,pca
test,364,0.7260339260101318,0.030807456001639366,0.366521418094635,-0.06196409463882446,0,2,5,workday,1.0,pca,pca
test,365,0.6462399959564209,0.06456448882818222,0.32666563987731934,-0.13268351554870605,0,2,6,workday,1.0,pca,pca
test,366,0.5371147990226746,0.10531510412693024,0.2675562798976898,-0.1957756131887436,0,2,6,workday,1.0,pca,pca
test,367,0.1943298727273941,0.174998477101326,0.09842272847890854,-0.25336024165153503,1,0,7,workday,1.0,pca,pca
test,368,-0.11531203240156174,0.2810288369655609,-0.05119694769382477,-0.25130683183670044,1,0,7,workday,1.0,pca,pca
test,369,-0.338911771774292,0.2683846056461334,-0.1601187139749527,-0.24867500364780426,1,0,8,workday,1.0,pca,pca
test,370,-0.40080323815345764,0.21972879767417908,-0.18722328543663025,-0.1773444265127182,2,1,8,workday,1.0,pca,pca
test,371,-0.44172656536102295,0.2004583179950714,-0.22049881517887115,-0.1558959037065506,2,1,9,workday,1.0,pca,pca
test,372,-0.4773055911064148,0.17970845103263855,-0.18969745934009552,-0.09668110311031342,2,1,9,workday,1.0,pca,pca
test,373,-0.3729420006275177,0.14252273738384247,-0.19480815529823303,-0.06894473731517792,1,0,10,workday,1.0,pca,pca
test,374,-0.25262725353240967,0.10314974188804626,-0.1486273556947708,-0.015975767746567726,1,0,10,workday,1.0,pca,pca
test,375,-0.18365728855133057,0.047123558819293976,-0.12283317744731903,0.017650865018367767,1,0,11,workday,1.0,pca,pca
test,376,-0.1653549075126648,0.03058609738945961,-0.10329202562570572,0.03297636657953262,1,0,11,workday,1.0,pca,pca
test,377,-0.21481464803218842,0.02706039510667324,-0.12003591656684875,0.031443722546100616,1,0,12,workday,1.0,pca,pca
test,378,-0.2717471122741699,0.014750818721950054,-0.1523757427930832,0.020084619522094727,1,0,12,workday,1.0,pca,pca
test,379,-0.19512708485126495,-0.016226233914494514,-0.14139103889465332,0.037491124123334885,1,0,13,workday,1.0,pca,pca
test,380,-0.1903909295797348,-0.02666916325688362,-0.09806188941001892,0.06515005975961685,1,0,13,workday,1.0,pca,pca
test,381,-0.21372991800308228,-0.023250414058566093,-0.12012771517038345,0.04754195362329483,1,0,14,workday,1.0,pca,pca
test,382,-0.2254388928413391,-0.03535225987434387,-0.12176525592803955,0.05165482684969902,1,0,14,workday,1.0,pca,pca
test,383,-0.2429853081703186,-0.04010017216205597,-0.1266407072544098,0.06361551582813263,1,0,15,workday,1.0,pca,pca
test,384,-0.2201000452041626,-0.023496538400650024,-0.10575120896100998,0.0742257609963417,1,0,15,workday,1.0,pca,pca
test,385,-0.10908185690641403,-0.05913057550787926,-0.0908576175570488,0.07887736707925797,1,0,16,workday,1.0,pca,pca
test,386,0.02561637945473194,-0.061610378324985504,-0.027521401643753052,0.08797851204872131,1,0,16,workday,1.0,pca,pca
test,387,0.0977313220500946,-0.058670300990343094,0.016288602724671364,0.09687800705432892,1,0,17,workday,1.0,pca,pca
test,388,0.006193810608237982,-0.04655442759394646,-0.035728562623262405,0.07757996022701263,1,0,17,workday,1.0,pca,pca
test,389,-0.13835622370243073,-0.07236576825380325,-0.12696290016174316,0.03053087368607521,1,0,18,workday,1.0,pca,pca
test,390,-0.2881588935852051,-0.06497730314731598,-0.22781021893024445,-0.023242898285388947,2,1,18,workday,1.0,pca,pca
test,391,-0.47702556848526,-0.03404192626476288,-0.270656555891037,-0.028599662706255913,2,1,19,workday,1.0,pca,pca
test,392,-0.5478155016899109,-0.01794661208987236,-0.30108126997947693,-0.04170430079102516,2,1,19,workday,1.0,pca,pca
test,393,-0.5847776532173157,-0.022868257015943527,-0.3060435652732849,-0.06002270430326462,2,1,20,workday,1.0,pca,pca
test,394,-0.5917900800704956,-0.004100153222680092,-0.26966437697410583,-0.05627244710922241,2,1,20,workday,1.0,pca,pca
test,395,-0.541668176651001,-0.019096730276942253,-0.24253085255622864,-0.05058827996253967,2,1,21,workday,1.0,pca,pca
test,396,-0.5336277484893799,-0.017903322353959084,-0.2259792685508728,-0.038677114993333817,2,1,21,workday,1.0,pca,pca
test,397,-0.47499793767929077,-0.013353686779737473,-0.21318508684635162,-0.039133019745349884,2,1,22,workday,1.0,pca,pca
test,398,-0.41786032915115356,-0.005695312283933163,-0.16775071620941162,-0.02918263152241707,2,1,22,workday,1.0,pca,pca
test,399,-0.3629676401615143,-0.02426871284842491,-0.10349609702825546,-0.008582549169659615,2,1,23,workday,1.0,pca,pca
test,400,-0.35573530197143555,-0.012567602097988129,-0.08643230050802231,-0.018878594040870667,2,1,23,workday,1.0,pca,pca
test,401,-0.17723804712295532,-0.04984894394874573,-0.03439376503229141,-0.012040399946272373,1,0,0,holiday,1.0,pca,pca
test,402,0.011130107566714287,-0.06488528847694397,0.046716269105672836,0.006670848000794649,1,0,0,holiday,1.0,pca,pca
test,403,0.1774369180202484,-0.04703502729535103,0.14790374040603638,0.018207289278507233,1,0,1,holiday,1.0,pca,pca
test,404,0.29034414887428284,-0.04574437066912651,0.21930958330631256,0.013616892509162426,1,0,1,holiday,1.0,pca,pca
test,405,0.4148176312446594,-0.03382950276136398,0.2670540511608124,0.00946100614964962,1,0,2,holiday,1.0,pca,pca
test,406,0.5221729874610901,-0.03481695055961609,0.3010040521621704,0.007720832247287035,0,2,2,holiday,1.0,pca,pca
test,407,0.5845549702644348,-0.030026068910956383,0.3261924684047699,0.004563990049064159,0,2,3,holiday,1.0,pca,pca
test,408,0.6359430551528931,-0.018418027088046074,0.342145711183548,-0.0008751732530072331,0,2,3,holiday,1.0,pca,pca
test,409,0.668031632900238,-0.01821764186024666,0.36767953634262085,0.010508691892027855,0,2,4,holiday,1.0,pca,pca
test,410,0.6877580285072327,-0.004169404972344637,0.37683960795402527,-0.002364584943279624,0,2,4,holiday,1.0,pca,pca
test,411,0.7181580066680908,0.012228668667376041,0.37924033403396606,-0.019637836143374443,0,2,5,holiday,1.0,pca,pca
test,412,0.7219290733337402,0.023139193654060364,0.3649793565273285,-0.041414979845285416,0,2,5,holiday,1.0,pca,pca
test,413,0.6557112336158752,0.06092516705393791,0.3253987431526184,-0.11139599978923798,0,2,6,holiday,1.0,pca,pca
test,414,0.5448904037475586,0.10837733745574951,0.2658242881298065,-0.17031101882457733,0,2,6,holiday,1.0,pca,pca
test,415,0.2060641050338745,0.1825639009475708,0.11372791230678558,-0.22323934733867645,1,0,7,holiday,1.0,pca,pca
test,416,-0.011198139749467373,0.23872171342372894,-0.015821093693375587,-0.22627884149551392,1,0,7,holiday,1.0,pca,pca
test,417,-0.252448171377182,0.2641141414642334,-0.12035027891397476,-0.2093183398246765,1,0,8,holiday,1.0,pca,pca
test,418,-0.33476632833480835,0.2107207179069519,-0.1543886363506317,-0.15049020946025848,1,0,8,holiday,1.0,pca,pca
test,419,-0.3534383475780487,0.18326641619205475,-0.18995064496994019,-0.1299135684967041,1,0,9,holiday,0.9999719858169556,pca,pca
test,420,-0.33067837357521057,0.14048050343990326,-0.17167848348617554,-0.08525466173887253,1,0,9,holiday,1.0,pca,pca
test,421,-0.26923343539237976,0.12082342803478241,-0.17064490914344788,-0.05143209174275398,1,0,10,holiday,1.0,pca,pca
test,422,-0.1805049479007721,0.07063911855220795,-0.12976592779159546,-0.006453223060816526,1,0,10,holiday,1.0,pca,pca
test,423,-0.14823564887046814,0.04513637721538544,-0.11475688964128494,0.028715958818793297,1,0,11,holiday,1.0,pca,pca
test,424,-0.0953269749879837,0.00985218770802021,-0.0744224339723587,0.04814056307077408,1,0,11,holiday,1.0,pca,pca
test,425,-0.1646607220172882,0.005000906530767679,-0.10687822848558426,0.04417145252227783,1,0,12,holiday,1.0,pca,pca
test,426,-0.20754051208496094,-0.010771260596811771,-0.13823993504047394,0.039377763867378235,1,0,12,holiday,1.0,pca,pca
test,427,-0.17308923602104187,-0.014764280058443546,-0.12206067144870758,0.05419157072901726,1,0,13,holiday,1.0,pca,pca
test,428,-0.15000534057617188,-0.03325718641281128,-0.09142257273197174,0.07853736728429794,1,0,13,holiday,1.0,pca,pca
test,429,-0.1482498198747635,-0.03620151802897453,-0.08693671226501465,0.07245146483182907,1,0,14,holiday,1.0,pca,pca
test,430,-0.1464628279209137,-0.05522619187831879,-0.07159598916769028,0.08038803935050964,1,0,14,holiday,1.0,pca,pca
test,431,-0.16460004448890686,-0.05467945709824562,-0.09912559390068054,0.07737362384796143,1,0,15,holiday,1.0,pca,pca
test,432,-0.15212051570415497,-0.065400630235672,-0.08554224669933319,0.08601357042789459,1,0,15,holiday,1.0,pca,pca
test,433,-0.04252523556351662,-0.05773362144827843,-0.06462424248456955,0.09317158162593842,1,0,16,holiday,1.0,pca,pca
test,434,0.07622144371271133,-0.06886786222457886,0.0024564689956605434,0.09912189841270447,1,0,16,holiday,1.0,pca,pca
test,435,0.12704256176948547,-0.06426732987165451,0.024642614647746086,0.10626838356256485,1,0,17,holiday,1.0,pca,pca
test,436,0.05960705876350403,-0.05801285430788994,-0.012994200922548771,0.09220283478498459,1,0,17,holiday,1.0,pca,pca
test,437,-0.09931109100580215,-0.06883905082941055,-0.12441442906856537,0.02661976031959057,1,0,18,holiday,1.0,pca,pca
test,438,-0.2664596438407898,-0.07506872713565826,-0.2125384509563446,-0.00985809788107872,2,1,18,holiday,1.0,pca,pca
test,439,-0.3761928677558899,-0.0665762722492218,-0.25800713896751404,-0.010739830322563648,2,1,19,holiday,1.0,pca,pca
test,440,-0.519720196723938,-0.03988739848136902,-0.2761774957180023,-0.014211652800440788,2,1,19,holiday,1.0,pca,pca
test,441,-0.5767943263053894,-0.028242677450180054,-0.30481716990470886,-0.039630308747291565,2,1,20,holiday,1.0,pca,pca
test,442,-0.6009429693222046,-0.03978099673986435,-0.299282431602478,-0.04503704980015755,2,1,20,holiday,1.0,pca,pca
test,443,-0.5488895177841187,-0.041162099689245224,-0.2662663757801056,-0.035959597676992416,2,1,21,holiday,1.0,pca,pca
test,444,-0.5532615184783936,-0.021510345861315727,-0.2664143443107605,-0.0409269705414772,2,1,21,holiday,1.0,pca,pca
test,445,-0.5217078328132629,-0.04651779308915138,-0.2404799461364746,-0.024581989273428917,2,1,22,holiday,1.0,pca,pca
test,446,-0.5235775709152222,-0.050715506076812744,-0.22364087402820587,-0.01431639026850462,2,1,22,holiday,1.0,pca,pca
test,447,-0.5156874656677246,-0.05303521454334259,-0.23781011998653412,-0.039262086153030396,2,1,23,holiday,1.0,pca,pca
test,448,-0.49911877512931824,-0.05827615410089493,-0.22073237597942352,-0.03247813880443573,2,1,23,holiday,1.0,pca,pca
test,449,-0.4158536195755005,-0.08523909747600555,-0.17518477141857147,-0.01852879673242569,2,1,0,holiday,1.0,pca,pca
test,450,-0.3303491175174713,-0.07746318727731705,-0.13086248934268951,-0.016785932704806328,2,1,0,holiday,1.0,pca,pca
test,451,-0.279491662979126,-0.05544213578104973,-0.07061439752578735,-0.00996851734817028,2,1,1,holiday,1.0,pca,pca
test,452,-0.18389366567134857,-0.037659890949726105,-0.03496549651026726,-0.012358917854726315,1,0,1,holiday,1.0,pca,pca
test,453,-0.1300709843635559,-0.013832829892635345,0.009209373965859413,-0.010664899833500385,1,0,2,holiday,1.0,pca,pca
test,454,-0.053813982754945755,0.0037779281847178936,0.057866171002388,-0.011715407483279705,1,0,2,holiday,1.0,pca,pca
test,455,0.04050358757376671,0.028568170964717865,0.1042616069316864,-0.010519526898860931,1,0,3,holiday,1.0,pca,pca
test,456,0.18035873770713806,0.03422318026423454,0.15496143698692322,-0.009494183585047722,1,0,3,holiday,1.0,pca,pca
test,457,0.29595401883125305,0.0357319675385952,0.2090827375650406,0.005311029963195324,1,0,4,holiday,1.0,pca,pca
test,458,0.41963881254196167,0.03685489296913147,0.24940483272075653,0.012423883192241192,1,0,4,holiday,1.0,pca,pca
test,459,0.5932697653770447,0.026194220408797264,0.31028276681900024,0.013127717189490795,0,2,5,holiday,1.0,pca,pca
test,460,0.6512849926948547,0.029135804623365402,0.34021398425102234,0.005072627682238817,0,2,5,holiday,1.0,pca,pca
test,461,0.702446460723877,0.026944389566779137,0.3509133756160736,-0.021138308569788933,0,2,6,holiday,1.0,pca,pca
test,462,0.7134321331977844,0.027080409228801727,0.35270118713378906,-0.033060234040021896,0,2,6,holiday,1.0,pca,pca
test,463,0.6752226948738098,0.027782093733549118,0.3319314420223236,-0.05708737671375275,0,2,7,holiday,1.0,pca,pca
test,464,0.6527695059776306,0.03291692957282066,0.32498499751091003,-0.04590596258640289,0,2,7,holiday,1.0,pca,pca
test,465,0.6116436123847961,-0.0023189273197203875,0.27885541319847107,-0.02939044125378132,0,2,8,holiday,1.0,pca,pca
test,466,0.5490337014198303,0.004864824004471302,0.263711541891098,-0.009048346430063248,1,0,8,holiday,1.0,pca,pca
test,467,0.43775978684425354,-0.006223822478204966,0.1465802937746048,-0.02516721747815609,1,0,9,holiday,1.0,pca,pca
test,468,0.3085480034351349,0.007615331560373306,0.119181327521801,0.003189897397533059,1,0,9,holiday,1.0,pca,pca
test,469,0.12669505178928375,0.021191401407122612,-0.015325391665101051,-0.012396487407386303,1,0,10,holiday,1.0,pca,pca
test,470,0.05069158598780632,0.0010708951158449054,-0.003981572110205889,0.038529280573129654,1,0,10,holiday,1.0,pca,pca
test,471,-0.054647739976644516,0.009736615233123302,-0.0828639566898346,0.04837952181696892,1,0,11,holiday,1.0,pca,pca
test,472,-0.1138816848397255,-0.004855719860643148,-0.0946962982416153,0.05374503135681152,1,0,11,holiday,1.0,pca,pca
test,473,-0.2748611867427826,0.023466652259230614,-0.15488941967487335,0.03718296065926552,1,0,12,holiday,0.9995965361595154,pca,pca
test,474,-0.28594863414764404,0.0020075778011232615,-0.18963581323623657,0.02958149090409279,2,1,12,holiday,0.9970901012420654,pca,pca
test,475,-0.3181806206703186,-0.016883311793208122,-0.19632013142108917,0.02870510332286358,2,1,13,holiday,1.0,pca,pca
test,476,-0.303780198097229,-0.022312866523861885,-0.18480250239372253,0.04593156650662422,2,1,13,holiday,1.0,pca,pca
test,477,-0.31411212682724,-0.011959471739828587,-0.17470136284828186,0.04797601327300072,2,1,14,holiday,1.0,pca,pca
test,478,-0.2976754605770111,-0.025946112349629402,-0.14442667365074158,0.06330230832099915,2,1,14,holiday,1.0,pca,pca
test,479,-0.26879772543907166,-0.028447145596146584,-0.15733137726783752,0.06374752521514893,1,0,15,holiday,1.0,pca,pca
test,480,-0.2415478527545929,-0.048901427537202835,-0.13394947350025177,0.0708644837141037,1,0,15,holiday,1.0,pca,pca
test,481,-0.22059497237205505,-0.07667452096939087,-0.15341699123382568,0.06841006129980087,1,0,16,holiday,1.0,pca,pca
test,482,-0.16487139463424683,-0.0710669755935669,-0.15449422597885132,0.07190317660570145,1,0,16,holiday,1.0,pca,pca
test,483,-0.06994113326072693,-0.053799133747816086,-0.10775890946388245,0.08031793683767319,1,0,17,holiday,1.0,pca,pca
test,484,-0.08859328180551529,-0.08066961169242859,-0.08513868600130081,0.09619410336017609,1,0,17,holiday,1.0,pca,pca
test,485,-0.21407020092010498,-0.0828157290816307,-0.14463771879673004,0.06885460019111633,1,0,18,holiday,0.999995231628418,pca,pca
test,486,-0.3656044006347656,-0.05935113504528999,-0.21108339726924896,0.025629298761487007,2,1,18,holiday,1.0,pca,pca
test,487,-0.5256943106651306,-0.044325388967990875,-0.2894136607646942,-0.02009749226272106,2,1,19,holiday,1.0,pca,pca
test,488,-0.601546049118042,-0.026617661118507385,-0.35454729199409485,-0.0651838406920433,2,1,19,holiday,1.0,pca,pca
test,489,-0.5855549573898315,-0.005788670387119055,-0.3511185348033905,-0.07079913467168808,2,1,20,holiday,1.0,pca,pca
test,490,-0.5174695253372192,-0.011045602150261402,-0.28621068596839905,-0.03388696908950806,2,1,20,holiday,1.0,pca,pca
test,491,-0.40922901034355164,-0.032614726573228836,-0.2193550020456314,0.003723126370459795,2,1,21,holiday,1.0,pca,pca
test,492,-0.4008004367351532,-0.04043330252170563,-0.18633976578712463,0.02542388252913952,2,1,21,holiday,1.0,pca,pca
test,493,-0.3670327365398407,-0.05138443037867546,-0.20934569835662842,0.003316447837278247,2,1,22,holiday,1.0,pca,pca
test,494,-0.44014379382133484,-0.03559088334441185,-0.21706806123256683,-0.0065045589581131935,2,1,22,holiday,1.0,pca,pca
test,495,-0.46102771162986755,-0.04361628368496895,-0.23552128672599792,-0.019733447581529617,2,1,23,holiday,1.0,pca,pca
test,496,-0.49450865387916565,-0.05790916457772255,-0.2469288408756256,-0.032625772058963776,2,1,23,holiday,1.0,pca,pca
test,497,-0.5203933119773865,-0.04833310469985008,-0.22619697451591492,-0.030588239431381226,2,1,0,workday,1.0,pca,pca
test,498,-0.4400622248649597,-0.061412278562784195,-0.2092984914779663,-0.042738739401102066,2,1,0,workday,1.0,pca,pca
test,499,-0.38612332940101624,-0.05308232456445694,-0.16059723496437073,-0.036141227930784225,2,1,1,workday,1.0,pca,pca
test,500,-0.3224397897720337,-0.041343919932842255,-0.11336106061935425,-0.022714810445904732,2,1,1,workday,1.0,pca,pca
test,501,-0.27239885926246643,-0.010053792968392372,-0.07139503210783005,-0.01687535271048546,2,1,2,workday,1.0,pca,pca
test,502,-0.21602189540863037,0.023040106520056725,-0.030512282624840736,-0.024955198168754578,1,0,2,workday,1.0,pca,pca
test,503,-0.12287615984678268,0.04118230193853378,0.019483273848891258,-0.026516404002904892,1,0,3,workday,1.0,pca,pca
test,504,0.016842255368828773,0.05979415401816368,0.0759827122092247,-0.016675379127264023,1,0,3,workday,1.0,pca,pca
test,505,0.11596733331680298,0.0641559585928917,0.14887304604053497,-0.0024696439504623413,1,0,4,workday,1.0,pca,pca
test,506,0.28044000267982483,0.04339948669075966,0.1977381557226181,0.0016507190885022283,1,0,4,workday,1.0,pca,pca
test,507,0.5113851428031921,0.035123560577631,0.27607494592666626,0.021511854603886604,0,2,5,workday,1.0,pca,pca
test,508,0.6291061043739319,0.01547762006521225,0.3239181935787201,0.010245232842862606,0,2,5,workday,1.0,pca,pca
test,509,0.6724821329116821,0.019794505089521408,0.3431518077850342,-0.005670429673045874,0,2,6,workday,1.0,pca,pca
test,510,0.7007284760475159,0.02045205608010292,0.357176810503006,-0.01564740762114525,0,2,6,workday,1.0,pca,pca
test,511,0.6986185908317566,0.011075508780777454,0.35417336225509644,-0.03200867772102356,0,2,7,workday,1.0,pca,pca
test,512,0.7010171413421631,0.014167397283017635,0.3547007441520691,-0.01827237382531166,0,2,7,workday,1.0,pca,pca
test,513,0.6567085981369019,0.01077661756426096,0.3304874300956726,0.001338499248959124,0,2,8,workday,1.0,pca,pca
test,514,0.6274512410163879,0.006041485350579023,0.32795342803001404,0.0234677791595459,0,2,8,workday,1.0,pca,pca
test,515,0.5532132387161255,-0.01227676309645176,0.24793271720409393,0.0035015929024666548,1,0,9,workday,0.9999998807907104,pca,pca
test,516,0.4489288628101349,0.0011747798416763544,0.206418976187706,0.001882852171547711,1,0,9,workday,1.0,pca,pca
test,517,0.31368160247802734,-0.00905000139027834,0.10975466668605804,-0.0004188099701423198,1,0,10,workday,1.0,pca,pca
test,518,0.2372831106185913,-0.015003886073827744,0.08394255489110947,0.027913929894566536,1,0,10,workday,1.0,pca,pca
test,519,0.06667013466358185,0.0038074515759944916,-0.02312576211988926,0.016643378883600235,1,0,11,workday,1.0,pca,pca
test,520,-0.020758965983986855,-0.0013916859170421958,-0.04293705150485039,0.04716217890381813,1,0,11,workday,1.0,pca,pca
test,521,-0.12485812604427338,-0.007983576506376266,-0.07958456873893738,0.07098516076803207,1,0,12,workday,1.0,pca,pca
test,522,-0.1807217299938202,-0.012554710730910301,-0.1049300953745842,0.06557361781597137,1,0,12,workday,1.0,pca,pca
test,523,-0.23834271728992462,-0.023256471380591393,-0.15989913046360016,0.058647967875003815,1,0,13,workday,0.9942752718925476,pca,pca
test,524,-0.29581955075263977,-0.04418424144387245,-0.1709769070148468,0.057487715035676956,2,1,13,workday,1.0,pca,pca
test,525,-0.3073197901248932,-0.04770080745220184,-0.2002544105052948,0.04917481541633606,2,1,14,workday,1.0,pca,pca
test,526,-0.16776181757450104,-0.049273304641246796,-0.13966481387615204,0.07650391757488251,1,0,14,workday,1.0,pca,pca
test,527,-0.07065412402153015,-0.0673632100224495,-0.06988086551427841,0.09966402500867844,1,0,15,workday,1.0,pca,pca
test,528,0.05473164841532707,-0.07802873849868774,-0.0008831990999169648,0.11142217367887497,1,0,15,workday,1.0,pca,pca
test,529,0.1484997570514679,-0.07359728962182999,0.044619884341955185,0.12264120578765869,1,0,16,workday,1.0,pca,pca
test,530,0.24286900460720062,-0.06718044728040695,0.0722985565662384,0.12217143177986145,1,0,16,workday,1.0,pca,pca
test,531,0.31958648562431335,-0.06133509427309036,0.09652017802000046,0.1258445829153061,1,0,17,workday,1.0,pca,pca
test,532,0.3177768588066101,-0.06946321576833725,0.11319545656442642,0.13291403651237488,1,0,17,workday,1.0,pca,pca
test,533,0.2853964865207672,-0.08310453593730927,0.08346640318632126,0.13078953325748444,1,0,18,workday,1.0,pca,pca
test,534,0.21811243891716003,-0.07408802956342697,0.08412119746208191,0.1330382078886032,1,0,18,workday,1.0,pca,pca
test,535,0.1585436314344406,-0.08899224549531937,0.07693218439817429,0.1327490657567978,1,0,19,workday,1.0,pca,pca
test,536,0.16034382581710815,-0.0754213035106659,0.06559927016496658,0.12078246474266052,1,0,19,workday,1.0,pca,pca
test,537,0.1902582049369812,-0.06983213871717453,0.07710988819599152,0.12190847843885422,1,0,20,workday,1.0,pca,pca
test,538,0.24953743815422058,-0.06984428316354752,0.09143560379743576,0.11100445687770844,1,0,20,workday,1.0,pca,pca
test,539,0.2624765634536743,-0.04597180709242821,0.11463525891304016,0.1017514318227768,1,0,21,workday,1.0,pca,pca
test,540,0.28249049186706543,-0.04535527154803276,0.14969810843467712,0.10024228692054749,1,0,21,workday,1.0,pca,pca
test,541,0.34397104382514954,-0.06559757143259048,0.15917132794857025,0.09311956912279129,1,0,22,workday,1.0,pca,pca
test,542,0.37073814868927,-0.036696042865514755,0.20056042075157166,0.09569248557090759,1,0,22,workday,1.0,pca,pca
test,543,0.43284428119659424,-0.04415750503540039,0.2348107546567917,0.0937751978635788,1,0,23,workday,1.0,pca,pca
test,544,0.487595796585083,-0.03975492715835571,0.2710376977920532,0.08758857846260071,1,0,23,workday,1.0,pca,pca
test,545,0.5598187446594238,-0.03146524727344513,0.30642664432525635,0.07421410828828812,0,2,0,workday,1.0,pca,pca
