sample_index,time_label,workday,holiday,hour,hour_bin,rush_hour,expert_id,mae_inv,mae_final,mean_abs_delta_env,route_weight_0,route_weight_1,route_weight_2,c_0,c_1,c_2,c_3,c_4,c_5,c_6,c_7
0,15,1,0,15,15,0,1,13.290915489196777,9.944417953491211,12.560381,0.34028214,0.37049717,0.2892207,3.0,2.0,4.0,2.0,1.0,2.0,0.0,0.0
1,16,1,0,16,16,0,1,12.100675582885742,8.964008331298828,12.0072365,0.340614,0.37002808,0.28935793,3.0,2.0,3.0,2.0,2.0,2.0,1.0,1.0
2,16,1,0,16,16,0,1,10.952828407287598,9.116716384887695,11.356339,0.34022626,0.37029898,0.28947473,3.0,2.0,3.0,2.0,1.0,2.0,0.0,1.0
3,17,1,0,17,17,1,1,8.562914848327637,7.203739166259766,11.277178,0.34035265,0.37022343,0.28942385,3.0,1.0,2.0,1.0,1.0,2.0,0.0,1.0
4,17,1,0,17,17,1,1,11.150120735168457,8.906710624694824,11.778286,0.34029195,0.3704524,0.28925565,3.0,1.0,3.0,1.0,1.0,2.0,0.0,1.0
5,18,1,0,18,18,1,1,10.865981101989746,8.638519287109375,12.526397,0.34028697,0.37020123,0.28951177,3.0,1.0,3.0,2.0,1.0,2.0,1.0,1.0
6,18,1,0,18,18,1,1,10.117300033569336,7.9939165115356445,13.056153,0.33988735,0.3703534,0.28975928,4.0,2.0,3.0,2.0,1.0,2.0,0.0,1.0
7,19,1,0,19,19,1,1,11.286705017089844,9.328165054321289,13.446646,0.3395535,0.37063983,0.28980666,4.0,2.0,3.0,2.0,1.0,2.0,1.0,1.0
8,19,1,0,19,19,1,1,11.748751640319824,9.276969909667969,14.029769,0.339512,0.37074432,0.28974366,3.0,2.0,3.0,2.0,1.0,2.0,1.0,1.0
9,20,1,0,20,20,0,1,12.213374137878418,8.005630493164062,14.909321,0.33950385,0.37108,0.2894161,3.0,2.0,3.0,2.0,1.0,4.0,0.0,1.0
10,20,1,0,20,20,0,1,9.767220497131348,7.383397102355957,14.321625,0.33964577,0.3707465,0.28960773,3.0,2.0,3.0,2.0,1.0,3.0,0.0,1.0
11,21,1,0,21,21,0,1,12.506600379943848,9.713642120361328,14.146099,0.3396706,0.37111664,0.2892127,3.0,3.0,3.0,2.0,1.0,4.0,0.0,0.0
12,21,1,0,21,21,0,1,13.308032035827637,9.024862289428711,14.717914,0.33955055,0.37120745,0.289242,4.0,3.0,4.0,2.0,1.0,4.0,0.0,1.0
13,22,1,0,22,22,0,1,12.51123046875,9.728621482849121,13.839672,0.33993152,0.37084866,0.28921983,3.0,3.0,3.0,3.0,2.0,3.0,1.0,1.0
14,22,1,0,22,22,0,1,10.721956253051758,7.497076034545898,14.158765,0.33945975,0.37067592,0.28986433,4.0,3.0,3.0,3.0,2.0,4.0,0.0,1.0
15,23,1,0,23,23,0,1,12.043891906738281,9.867986679077148,13.911416,0.33947593,0.37081814,0.28970596,3.0,3.0,2.0,2.0,2.0,3.0,0.0,0.0
16,23,1,0,23,23,0,1,11.259681701660156,6.982019901275635,13.734995,0.34009054,0.3705624,0.289347,2.0,3.0,2.0,2.0,2.0,4.0,1.0,0.0
17,0,1,0,0,0,0,1,10.987427711486816,8.384032249450684,12.626269,0.3401741,0.37085637,0.28896946,2.0,2.0,2.0,2.0,1.0,3.0,0.0,0.0
18,0,1,0,0,0,0,1,7.9283013343811035,6.439824104309082,11.369338,0.3403541,0.37051937,0.2891265,2.0,2.0,2.0,2.0,0.0,2.0,0.0,1.0
19,1,1,0,1,1,0,1,6.780951976776123,5.04955530166626,10.609509,0.3405059,0.3703582,0.2891359,2.0,2.0,1.0,1.0,1.0,2.0,1.0,0.0
20,1,1,0,1,1,0,1,6.245543003082275,4.788978099822998,9.948932,0.34061417,0.36994243,0.28944343,2.0,1.0,1.0,1.0,0.0,1.0,0.0,1.0
21,2,1,0,2,2,0,1,5.379696369171143,4.313892364501953,9.681485,0.34147915,0.36982134,0.2886995,1.0,1.0,1.0,1.0,1.0,1.0,0.0,0.0
22,2,1,0,2,2,0,1,5.0717244148254395,4.23949670791626,9.182409,0.34144998,0.36976185,0.28878817,1.0,1.0,1.0,1.0,1.0,1.0,0.0,0.0
23,3,1,0,3,3,0,1,4.828477382659912,4.214590549468994,9.168629,0.34157836,0.36956233,0.28885928,1.0,1.0,1.0,1.0,1.0,1.0,0.0,0.0
24,3,1,0,3,3,0,1,3.943037986755371,3.6246373653411865,9.016301,0.3415392,0.36962527,0.28883553,1.0,1.0,1.0,1.0,0.0,1.0,0.0,0.0
25,4,1,0,4,4,0,1,3.7098748683929443,3.2080156803131104,8.95184,0.34154594,0.36962909,0.288825,1.0,1.0,1.0,1.0,1.0,1.0,1.0,0.0
26,4,1,0,4,4,0,1,4.197976589202881,3.7837412357330322,8.944698,0.34147882,0.36952126,0.28899992,1.0,1.0,1.0,1.0,1.0,1.0,0.0,0.0
27,5,1,0,5,5,0,1,4.3516998291015625,3.6688740253448486,9.008062,0.34147286,0.36944956,0.2890776,1.0,1.0,1.0,1.0,1.0,1.0,0.0,1.0
28,5,1,0,5,5,0,1,3.8369781970977783,3.646639585494995,8.960576,0.3412917,0.36947426,0.28923407,1.0,1.0,1.0,1.0,0.0,1.0,0.0,1.0
29,6,1,0,6,6,0,1,6.508848190307617,5.560290336608887,8.855835,0.34032005,0.36985174,0.28982818,1.0,1.0,1.0,1.0,1.0,1.0,0.0,1.0
30,6,1,0,6,6,0,1,6.274445056915283,4.722772121429443,9.332581,0.34018695,0.37013212,0.28968096,1.0,1.0,1.0,1.0,1.0,1.0,0.0,1.0
31,7,1,0,7,7,1,1,9.340027809143066,7.144879341125488,10.884614,0.3398947,0.37090367,0.28920162,2.0,1.0,3.0,3.0,2.0,2.0,0.0,1.0
32,7,1,0,7,7,1,1,10.678988456726074,7.16500186920166,11.895816,0.3399578,0.37107402,0.28896818,3.0,2.0,3.0,4.0,3.0,2.0,1.0,2.0
33,8,1,0,8,8,1,1,14.834460258483887,11.187934875488281,13.726016,0.3400554,0.3705903,0.2893543,3.0,3.0,4.0,4.0,3.0,2.0,1.0,1.0
34,8,1,0,8,8,1,1,10.875814437866211,7.544140815734863,13.340889,0.3401869,0.3706128,0.28920034,4.0,3.0,5.0,5.0,4.0,2.0,1.0,1.0
35,9,1,0,9,9,1,1,11.729960441589355,8.086195945739746,13.964871,0.33966255,0.37094274,0.28939477,4.0,5.0,5.0,5.0,4.0,3.0,1.0,1.0
36,9,1,0,9,9,1,1,9.329899787902832,6.9298996925354,13.249155,0.33965036,0.37080756,0.28954208,4.0,5.0,4.0,5.0,3.0,4.0,0.0,1.0
37,10,1,0,10,10,0,1,12.139287948608398,9.667549133300781,13.097119,0.33963203,0.37080008,0.28956786,3.0,5.0,3.0,4.0,2.0,2.0,2.0,1.0
38,10,1,0,10,10,0,1,14.72160530090332,11.57171630859375,12.3091135,0.33995616,0.37037802,0.28966585,3.0,4.0,4.0,4.0,2.0,2.0,1.0,1.0
39,11,1,0,11,11,0,1,12.594182014465332,9.765766143798828,12.139693,0.34003782,0.37017608,0.28978613,4.0,4.0,3.0,3.0,2.0,2.0,1.0,1.0
40,11,1,0,11,11,0,1,10.19640827178955,8.032891273498535,11.934391,0.34003338,0.37016135,0.2898053,4.0,4.0,3.0,3.0,1.0,2.0,1.0,1.0
41,12,1,0,12,12,0,1,10.639605522155762,8.360072135925293,11.737715,0.33992612,0.37027502,0.28979886,4.0,3.0,3.0,3.0,2.0,1.0,3.0,1.0
42,12,1,0,12,12,0,1,12.457337379455566,9.787680625915527,12.108624,0.3398028,0.37041193,0.28978527,4.0,4.0,3.0,3.0,2.0,2.0,1.0,0.0
43,13,1,0,13,13,0,1,8.50454330444336,7.619460105895996,11.939173,0.34004578,0.3705394,0.28941485,4.0,3.0,4.0,3.0,2.0,2.0,0.0,0.0
44,13,1,0,13,13,0,1,11.45030403137207,8.880287170410156,11.852427,0.33996928,0.3705792,0.2894515,4.0,3.0,4.0,3.0,1.0,2.0,1.0,1.0
45,14,1,0,14,14,0,1,11.282024383544922,9.320281982421875,11.929318,0.33967564,0.37064755,0.28967687,4.0,3.0,4.0,3.0,1.0,2.0,1.0,1.0
46,14,1,0,14,14,0,1,11.996286392211914,9.22779655456543,11.931135,0.3398929,0.37065816,0.28944895,3.0,2.0,3.0,3.0,1.0,3.0,1.0,1.0
47,15,1,0,15,15,0,1,13.282939910888672,11.178071975708008,12.264522,0.3400705,0.3704706,0.28945887,3.0,2.0,4.0,2.0,1.0,2.0,1.0,1.0
48,15,1,0,15,15,0,1,12.917961120605469,10.620546340942383,12.844292,0.3400202,0.37048018,0.28949958,3.0,2.0,3.0,2.0,1.0,2.0,0.0,0.0
49,16,1,0,16,16,0,1,12.06756591796875,9.313623428344727,12.302295,0.3400175,0.37056974,0.2894128,3.0,2.0,3.0,2.0,2.0,3.0,1.0,1.0
50,16,1,0,16,16,0,1,10.478375434875488,9.07820987701416,11.580256,0.34024334,0.37034366,0.28941298,3.0,2.0,3.0,2.0,1.0,2.0,0.0,1.0
51,17,1,0,17,17,1,1,10.531347274780273,7.560154914855957,11.793383,0.3400216,0.37066233,0.2893161,2.0,1.0,2.0,2.0,1.0,2.0,0.0,1.0
52,17,1,0,17,17,1,1,9.175573348999023,7.93408727645874,11.789842,0.34049466,0.37025172,0.28925365,2.0,1.0,3.0,2.0,1.0,2.0,1.0,1.0
53,18,1,0,18,18,1,1,12.688287734985352,10.467172622680664,13.762822,0.339892,0.37023318,0.2898748,3.0,2.0,3.0,2.0,1.0,2.0,0.0,1.0
54,18,1,0,18,18,1,1,13.273670196533203,9.757440567016602,14.008612,0.33966327,0.37076527,0.28957146,4.0,2.0,3.0,2.0,1.0,3.0,0.0,0.0
55,19,1,0,19,19,1,1,13.932873725891113,9.882110595703125,15.21016,0.33933955,0.37080064,0.28985977,3.0,2.0,3.0,2.0,1.0,3.0,0.0,1.0
56,19,1,0,19,19,1,1,13.486562728881836,9.645124435424805,15.276359,0.33941,0.370741,0.28984898,4.0,2.0,4.0,2.0,2.0,2.0,0.0,1.0
57,20,1,0,20,20,0,1,13.919329643249512,10.530874252319336,15.085862,0.33967227,0.37092358,0.28940415,4.0,2.0,4.0,2.0,2.0,3.0,0.0,0.0
58,20,1,0,20,20,0,1,11.45644474029541,8.110977172851562,15.007465,0.3400908,0.37085626,0.28905293,4.0,2.0,4.0,3.0,1.0,3.0,0.0,1.0
59,21,1,0,21,21,0,1,13.265247344970703,8.707929611206055,16.755003,0.33985788,0.3711536,0.28898853,5.0,3.0,3.0,2.0,1.0,2.0,0.0,0.0
60,21,1,0,21,21,0,1,12.359871864318848,8.802727699279785,15.997815,0.33977166,0.37097523,0.28925312,4.0,3.0,4.0,3.0,1.0,3.0,1.0,0.0
61,22,1,0,22,22,0,1,15.18323802947998,10.453816413879395,15.9819975,0.33975357,0.37091184,0.2893346,4.0,3.0,4.0,3.0,1.0,4.0,0.0,0.0
62,22,1,0,22,22,0,1,15.44377613067627,11.145833015441895,15.644986,0.33958307,0.3711172,0.28929973,4.0,3.0,3.0,3.0,1.0,5.0,0.0,0.0
63,23,1,0,23,23,0,1,11.702363014221191,9.412322998046875,15.312307,0.33983648,0.37107036,0.2890931,3.0,3.0,3.0,2.0,1.0,3.0,1.0,1.0
64,23,1,0,23,23,0,1,12.57726001739502,9.323248863220215,14.598721,0.33955303,0.37097725,0.28946972,2.0,3.0,2.0,2.0,1.0,3.0,0.0,0.0
65,24,0,1,0,0,0,1,10.280791282653809,6.661456108093262,13.800457,0.3399767,0.37078956,0.2892337,2.0,3.0,2.0,2.0,1.0,2.0,1.0,1.0
66,24,0,1,0,0,0,1,9.803253173828125,7.946992874145508,12.406015,0.34022912,0.37068945,0.28908142,2.0,2.0,1.0,2.0,1.0,2.0,1.0,0.0
67,25,0,1,1,1,0,1,9.038505554199219,6.848110198974609,11.477861,0.34052038,0.3705957,0.2888839,2.0,2.0,1.0,1.0,1.0,2.0,1.0,0.0
68,25,0,1,1,1,0,1,6.143007755279541,4.872557163238525,10.486109,0.34025124,0.3703187,0.28943005,2.0,2.0,1.0,1.0,0.0,1.0,0.0,0.0
69,26,0,1,2,2,0,1,6.066344261169434,5.419768810272217,9.527457,0.34042913,0.37038046,0.28919038,1.0,1.0,1.0,1.0,1.0,1.0,1.0,0.0
70,26,0,1,2,2,0,1,6.051400184631348,4.979098320007324,9.336968,0.34084067,0.3702308,0.2889285,1.0,1.0,1.0,1.0,1.0,1.0,0.0,0.0
71,27,0,1,3,3,0,1,5.609684467315674,5.150793075561523,9.099091,0.3412939,0.3697791,0.28892702,1.0,1.0,1.0,1.0,1.0,1.0,1.0,0.0
72,27,0,1,3,3,0,1,5.6880412101745605,5.019883155822754,8.85537,0.34125006,0.36976102,0.28898892,1.0,1.0,1.0,1.0,0.0,1.0,0.0,0.0
73,28,0,1,4,4,0,1,5.956089496612549,4.818235397338867,8.913968,0.34133583,0.36962727,0.28903693,1.0,1.0,1.0,1.0,1.0,1.0,0.0,0.0
74,28,0,1,4,4,0,1,5.049702167510986,4.393595218658447,8.756504,0.34132817,0.36955777,0.2891141,1.0,1.0,1.0,1.0,0.0,1.0,0.0,0.0
75,29,0,1,5,5,0,1,4.450427532196045,3.5711758136749268,8.636305,0.3411393,0.36948988,0.28937083,1.0,1.0,1.0,1.0,1.0,1.0,0.0,0.0
76,29,0,1,5,5,0,1,4.1392107009887695,3.912353515625,8.772314,0.34117436,0.36944428,0.28938138,1.0,1.0,1.0,1.0,1.0,1.0,0.0,0.0
77,30,0,1,6,6,0,1,7.241872310638428,6.788320541381836,8.6237335,0.34033293,0.36966753,0.28999949,1.0,1.0,1.0,1.0,1.0,1.0,1.0,0.0
78,30,0,1,6,6,0,1,8.036360740661621,6.0043253898620605,9.514391,0.34021807,0.3699294,0.28985256,1.0,1.0,1.0,1.0,1.0,1.0,0.0,0.0
79,31,0,1,7,7,1,1,10.119278907775879,7.558678150177002,10.975681,0.34041423,0.37077728,0.28880847,1.0,2.0,2.0,3.0,2.0,2.0,1.0,1.0
80,31,0,1,7,7,1,1,11.343757629394531,8.471880912780762,11.679629,0.34020835,0.37088937,0.28890228,3.0,2.0,3.0,4.0,3.0,2.0,0.0,1.0
81,32,0,1,8,8,1,1,13.872034072875977,10.731338500976562,13.669392,0.3400989,0.37065476,0.28924635,4.0,3.0,4.0,5.0,4.0,3.0,0.0,1.0
82,32,0,1,8,8,1,1,12.846782684326172,9.881779670715332,13.5882225,0.34017515,0.37045643,0.28936842,4.0,3.0,5.0,5.0,4.0,3.0,0.0,1.0
83,33,0,1,9,9,1,1,13.889260292053223,11.556191444396973,13.71813,0.33957306,0.37072942,0.28969756,4.0,5.0,5.0,5.0,4.0,3.0,1.0,1.0
84,33,0,1,9,9,1,1,11.648111343383789,8.566263198852539,13.63702,0.33991325,0.3706332,0.2894536,4.0,5.0,5.0,5.0,4.0,3.0,1.0,1.0
85,34,0,1,10,10,0,1,13.938544273376465,9.854290962219238,13.164692,0.3398375,0.37095216,0.28921032,3.0,5.0,4.0,4.0,3.0,2.0,0.0,0.0
86,34,0,1,10,10,0,1,12.907602310180664,9.718385696411133,12.2274685,0.33984607,0.3706096,0.2895443,3.0,4.0,4.0,4.0,2.0,2.0,0.0,1.0
87,35,0,1,11,11,0,1,13.310778617858887,10.53958511352539,11.952627,0.34004927,0.37044573,0.28950498,3.0,3.0,4.0,3.0,2.0,2.0,1.0,1.0
88,35,0,1,11,11,0,1,10.535684585571289,9.331010818481445,11.538948,0.34030637,0.3701497,0.2895439,3.0,3.0,4.0,3.0,2.0,2.0,1.0,1.0
89,36,0,1,12,12,0,1,11.741249084472656,9.905861854553223,11.205205,0.339928,0.37033367,0.2897383,3.0,3.0,4.0,3.0,2.0,2.0,0.0,1.0
90,36,0,1,12,12,0,1,10.426350593566895,8.483642578125,11.384952,0.34011894,0.37026662,0.2896145,4.0,3.0,4.0,3.0,1.0,3.0,0.0,1.0
91,37,0,1,13,13,0,1,10.61746597290039,9.218338012695312,11.311902,0.33985147,0.3706305,0.289518,3.0,3.0,4.0,2.0,2.0,2.0,0.0,1.0
92,37,0,1,13,13,0,1,9.519913673400879,8.197848320007324,11.528184,0.3398321,0.37060514,0.28956273,3.0,3.0,3.0,2.0,1.0,2.0,0.0,0.0
93,38,0,1,14,14,0,1,12.679427146911621,10.494470596313477,11.629971,0.33993325,0.37047404,0.28959274,3.0,2.0,3.0,2.0,2.0,2.0,0.0,1.0
94,38,0,1,14,14,0,1,12.337248802185059,9.615348815917969,11.542092,0.33994946,0.3706304,0.28942016,4.0,3.0,4.0,3.0,1.0,2.0,0.0,1.0
95,39,0,1,15,15,0,1,12.304694175720215,9.90728759765625,11.908738,0.33985043,0.37047404,0.2896756,3.0,2.0,4.0,3.0,2.0,2.0,0.0,1.0
96,39,0,1,15,15,0,1,12.470870018005371,9.021143913269043,12.2377,0.34017336,0.37087357,0.28895313,3.0,2.0,3.0,3.0,1.0,2.0,0.0,1.0
97,40,0,1,16,16,0,1,11.097469329833984,8.200057029724121,11.960302,0.33999115,0.37042218,0.28958666,3.0,2.0,3.0,2.0,1.0,2.0,1.0,1.0
98,40,0,1,16,16,0,1,9.397759437561035,8.09553337097168,11.652126,0.3400384,0.37050492,0.2894567,2.0,2.0,3.0,2.0,2.0,2.0,1.0,1.0
99,41,0,1,17,17,1,1,8.69746208190918,7.639028072357178,11.847691,0.34042984,0.3703475,0.28922266,3.0,1.0,3.0,2.0,1.0,2.0,1.0,1.0
100,41,0,1,17,17,1,1,10.613931655883789,8.526376724243164,12.103272,0.34046006,0.37017846,0.28936154,3.0,2.0,3.0,2.0,1.0,2.0,1.0,1.0
101,42,0,1,18,18,1,1,13.815153121948242,10.908846855163574,13.89983,0.3399215,0.3706151,0.28946337,3.0,1.0,4.0,2.0,2.0,3.0,1.0,1.0
102,42,0,1,18,18,1,1,10.652373313903809,7.551301956176758,14.75823,0.33962122,0.37049702,0.2898818,3.0,2.0,4.0,2.0,1.0,3.0,0.0,1.0
103,43,0,1,19,19,1,1,15.155923843383789,9.404947280883789,16.620543,0.33934608,0.37025347,0.2904005,4.0,2.0,3.0,2.0,1.0,3.0,1.0,1.0
104,43,0,1,19,19,1,1,12.711146354675293,9.504525184631348,16.947765,0.33951318,0.36993784,0.29054898,4.0,2.0,3.0,2.0,2.0,3.0,0.0,1.0
105,44,0,1,20,20,0,1,16.435434341430664,11.239741325378418,16.36405,0.33989298,0.37013707,0.28996995,3.0,2.0,4.0,2.0,2.0,2.0,0.0,1.0
106,44,0,1,20,20,0,1,14.421687126159668,11.014384269714355,16.123072,0.34002918,0.3703262,0.2896447,3.0,2.0,4.0,2.0,2.0,4.0,1.0,0.0
107,45,0,1,21,21,0,1,10.893556594848633,8.140185356140137,15.017265,0.34006923,0.37074316,0.28918758,3.0,2.0,3.0,2.0,2.0,3.0,0.0,1.0
108,45,0,1,21,21,0,1,11.588720321655273,8.146134376525879,14.102695,0.3398525,0.37074053,0.28940699,3.0,2.0,3.0,2.0,1.0,3.0,0.0,1.0
109,46,0,1,22,22,0,1,11.932361602783203,9.591858863830566,14.463334,0.3398115,0.3704821,0.2897064,4.0,3.0,3.0,2.0,2.0,2.0,0.0,0.0
110,46,0,1,22,22,0,1,12.000771522521973,8.452112197875977,14.51302,0.33984765,0.37058598,0.2895664,2.0,3.0,2.0,2.0,2.0,3.0,1.0,1.0
111,47,0,1,23,23,0,1,13.10454273223877,8.332173347473145,15.414842,0.3396506,0.37089008,0.2894593,3.0,3.0,2.0,2.0,1.0,3.0,1.0,1.0
112,47,0,1,23,23,0,1,11.034259796142578,8.047810554504395,14.570047,0.3401113,0.37059146,0.28929728,3.0,3.0,1.0,2.0,1.0,4.0,0.0,0.0
113,24,0,1,0,0,0,1,10.538108825683594,7.402414321899414,14.595341,0.33997458,0.37068582,0.2893396,3.0,3.0,2.0,2.0,1.0,2.0,0.0,1.0
114,24,0,1,0,0,0,1,9.667215347290039,6.843982219696045,14.977818,0.3401994,0.37070704,0.28909358,2.0,3.0,2.0,2.0,1.0,4.0,1.0,1.0
115,25,0,1,1,1,0,1,10.598607063293457,7.9725565910339355,14.473811,0.340553,0.37053365,0.28891337,2.0,4.0,1.0,2.0,1.0,2.0,1.0,1.0
116,25,0,1,1,1,0,1,9.164807319641113,6.767991542816162,14.124935,0.3402464,0.37052515,0.28922838,3.0,4.0,1.0,2.0,1.0,2.0,1.0,1.0
117,26,0,1,2,2,0,1,8.958405494689941,6.168002605438232,13.262937,0.33984828,0.37067488,0.28947687,2.0,2.0,1.0,2.0,1.0,2.0,1.0,1.0
118,26,0,1,2,2,0,1,9.942809104919434,7.441219329833984,12.407507,0.33984995,0.3705897,0.28956038,2.0,2.0,1.0,2.0,0.0,2.0,1.0,1.0
119,27,0,1,3,3,0,1,8.438860893249512,6.57225227355957,11.921627,0.33987907,0.37075466,0.28936628,1.0,2.0,1.0,1.0,1.0,3.0,1.0,1.0
120,27,0,1,3,3,0,1,8.624044418334961,6.314251899719238,11.868299,0.3401665,0.3705742,0.28925928,2.0,2.0,1.0,1.0,1.0,2.0,1.0,0.0
121,28,0,1,4,4,0,1,8.160015106201172,5.6838698387146,10.880432,0.34042165,0.37028542,0.28929296,1.0,2.0,1.0,1.0,1.0,2.0,2.0,0.0
122,28,0,1,4,4,0,1,6.957712650299072,5.1717705726623535,10.948947,0.34053934,0.3701622,0.28929847,1.0,1.0,1.0,1.0,1.0,1.0,2.0,1.0
123,29,0,1,5,5,0,1,5.9440598487854,4.0521650314331055,9.780474,0.3410444,0.36976346,0.2891921,1.0,1.0,1.0,1.0,0.0,1.0,0.0,0.0
124,29,0,1,5,5,0,1,5.016214847564697,3.9103775024414062,9.485405,0.34139764,0.36945617,0.28914618,1.0,1.0,1.0,1.0,0.0,1.0,0.0,0.0
125,30,0,1,6,6,0,1,4.722761154174805,3.745884418487549,8.913089,0.34097797,0.36936828,0.28965372,1.0,1.0,1.0,1.0,0.0,1.0,0.0,0.0
126,30,0,1,6,6,0,1,4.895315170288086,4.29355525970459,8.799743,0.34106305,0.3691922,0.2897448,1.0,1.0,1.0,1.0,0.0,1.0,0.0,0.0
127,31,0,1,7,7,1,1,7.232907295227051,6.0111985206604,9.038379,0.3415288,0.36898926,0.28948197,1.0,1.0,1.0,1.0,1.0,1.0,0.0,0.0
128,31,0,1,7,7,1,1,8.007750511169434,5.458120346069336,9.689683,0.34152102,0.36887845,0.28960055,1.0,1.0,1.0,1.0,1.0,1.0,0.0,0.0
129,32,0,1,8,8,1,1,7.300009727478027,5.60614538192749,9.437774,0.3412052,0.3689752,0.2898196,1.0,1.0,1.0,1.0,1.0,1.0,0.0,1.0
130,32,0,1,8,8,1,1,7.313930988311768,5.933116912841797,9.789889,0.34096417,0.36930275,0.28973308,2.0,1.0,2.0,1.0,1.0,1.0,0.0,1.0
131,33,0,1,9,9,1,1,9.035634994506836,6.781693458557129,11.155945,0.34014452,0.36996374,0.28989178,3.0,3.0,2.0,1.0,2.0,2.0,0.0,1.0
132,33,0,1,9,9,1,1,8.212034225463867,6.7947821617126465,10.572188,0.3403482,0.37009045,0.2895613,3.0,2.0,2.0,2.0,1.0,1.0,1.0,1.0
133,34,0,1,10,10,0,1,11.986388206481934,8.988211631774902,11.967085,0.3400155,0.37017763,0.28980687,3.0,3.0,3.0,2.0,1.0,2.0,0.0,1.0
134,34,0,1,10,10,0,1,9.616070747375488,7.37863302230835,11.955654,0.34023842,0.37008637,0.28967518,3.0,3.0,3.0,2.0,2.0,2.0,1.0,1.0
135,35,0,1,11,11,0,1,11.172682762145996,9.533443450927734,12.237484,0.3400443,0.37042293,0.28953275,4.0,3.0,3.0,2.0,2.0,2.0,0.0,1.0
136,35,0,1,11,11,0,1,10.579833984375,8.165421485900879,12.634905,0.34013453,0.37045762,0.2894079,3.0,3.0,3.0,2.0,2.0,3.0,1.0,1.0
137,36,0,1,12,12,0,1,10.756695747375488,8.621916770935059,13.322596,0.33985332,0.37034047,0.28980625,4.0,3.0,4.0,3.0,2.0,2.0,0.0,1.0
138,36,0,1,12,12,0,1,10.791248321533203,7.7535400390625,12.540564,0.34005588,0.3705896,0.28935447,4.0,3.0,4.0,3.0,2.0,3.0,0.0,1.0
139,37,0,1,13,13,0,1,9.8965482711792,8.089080810546875,13.436016,0.33988813,0.37031898,0.28979287,5.0,3.0,4.0,3.0,2.0,2.0,1.0,1.0
140,37,0,1,13,13,0,1,11.62501335144043,8.85930061340332,12.765414,0.3398313,0.37083763,0.28933105,4.0,3.0,4.0,2.0,2.0,3.0,0.0,1.0
141,38,0,1,14,14,0,1,15.117319107055664,10.458531379699707,14.336924,0.33996615,0.37047398,0.2895599,4.0,2.0,4.0,3.0,3.0,3.0,1.0,1.0
142,38,0,1,14,14,0,1,11.785009384155273,9.935345649719238,13.356826,0.33976084,0.3706429,0.28959626,3.0,2.0,4.0,2.0,1.0,3.0,1.0,1.0
143,39,0,1,15,15,0,1,17.82680320739746,13.130326271057129,13.543835,0.33990324,0.3703051,0.2897917,3.0,2.0,3.0,2.0,2.0,3.0,1.0,1.0
144,39,0,1,15,15,0,1,12.31325912475586,9.82181167602539,12.393613,0.3402111,0.3699108,0.2898781,3.0,2.0,3.0,2.0,1.0,2.0,0.0,1.0
145,40,0,1,16,16,0,1,13.048381805419922,9.348380088806152,12.029768,0.34010673,0.37003326,0.28986004,3.0,2.0,3.0,2.0,1.0,2.0,1.0,1.0
146,40,0,1,16,16,0,1,13.820626258850098,10.130891799926758,11.829935,0.34013215,0.3703485,0.28951934,3.0,2.0,2.0,2.0,1.0,1.0,0.0,1.0
147,41,0,1,17,17,1,1,14.952821731567383,11.267721176147461,11.864455,0.34007448,0.37027076,0.28965476,3.0,2.0,2.0,2.0,1.0,2.0,0.0,1.0
148,41,0,1,17,17,1,1,14.341763496398926,9.649764060974121,12.375071,0.34044796,0.3701599,0.28939214,3.0,2.0,3.0,2.0,1.0,2.0,0.0,1.0
149,42,0,1,18,18,1,1,12.469596862792969,9.458959579467773,12.363861,0.34023008,0.36984757,0.28992236,3.0,2.0,3.0,2.0,1.0,2.0,0.0,1.0
150,42,0,1,18,18,1,1,13.521595001220703,10.653929710388184,13.484095,0.3399214,0.37039727,0.28968132,2.0,2.0,3.0,2.0,1.0,3.0,0.0,1.0
151,43,0,1,19,19,1,1,13.864242553710938,10.910345077514648,13.744756,0.3400597,0.37028947,0.2896508,3.0,2.0,3.0,2.0,1.0,1.0,0.0,1.0
152,43,0,1,19,19,1,1,18.26517105102539,13.56656265258789,14.498951,0.34005955,0.3702636,0.28967682,3.0,2.0,2.0,2.0,1.0,2.0,0.0,1.0
153,44,0,1,20,20,0,1,26.288095474243164,17.08260154724121,15.63211,0.34021506,0.3701023,0.2896827,2.0,2.0,2.0,1.0,1.0,2.0,1.0,1.0
154,44,0,1,20,20,0,1,14.496493339538574,10.246482849121094,14.088283,0.34016907,0.37004903,0.2897819,3.0,2.0,2.0,2.0,2.0,2.0,1.0,2.0
155,45,0,1,21,21,0,1,10.511238098144531,7.517328262329102,13.101097,0.34022152,0.36979207,0.28998643,2.0,2.0,2.0,2.0,1.0,2.0,1.0,4.0
156,45,0,1,21,21,0,1,11.23681354522705,8.788268089294434,13.410104,0.34010136,0.37001982,0.2898788,2.0,2.0,2.0,2.0,1.0,3.0,0.0,1.0
157,46,0,1,22,22,0,1,10.99642562866211,7.683886528015137,14.047316,0.33986324,0.37048525,0.2896515,3.0,3.0,2.0,2.0,1.0,2.0,0.0,1.0
158,46,0,1,22,22,0,1,12.409135818481445,9.602322578430176,14.358922,0.33974504,0.3702222,0.29003274,2.0,2.0,2.0,2.0,1.0,2.0,0.0,0.0
159,47,0,1,23,23,0,1,13.22159194946289,9.730106353759766,14.424309,0.33978835,0.36986533,0.2903463,2.0,3.0,2.0,2.0,1.0,2.0,0.0,1.0
160,47,0,1,23,23,0,1,13.328170776367188,9.9777250289917,15.408256,0.33971417,0.36995688,0.29032898,2.0,3.0,2.0,2.0,2.0,2.0,0.0,1.0
161,0,1,0,0,0,0,1,13.8494873046875,9.750704765319824,15.276782,0.339841,0.37009266,0.29006633,2.0,2.0,1.0,1.0,1.0,2.0,0.0,1.0
162,0,1,0,0,0,0,1,12.615883827209473,9.951611518859863,14.798611,0.34010404,0.37065455,0.28924143,2.0,3.0,1.0,2.0,1.0,2.0,1.0,1.0
163,1,1,0,1,1,0,1,10.826995849609375,7.652585506439209,14.114654,0.3397063,0.3706049,0.2896888,2.0,2.0,1.0,2.0,1.0,2.0,1.0,0.0
164,1,1,0,1,1,0,1,9.514791488647461,6.969620704650879,13.795884,0.33965743,0.37070328,0.2896393,2.0,3.0,1.0,1.0,1.0,2.0,1.0,0.0
165,2,1,0,2,2,0,1,10.742477416992188,7.416718482971191,14.124026,0.33960178,0.37064886,0.28974935,2.0,2.0,1.0,2.0,1.0,2.0,3.0,1.0
166,2,1,0,2,2,0,1,8.74882698059082,6.558059215545654,12.880842,0.34008276,0.37023255,0.28968462,1.0,2.0,1.0,2.0,1.0,2.0,3.0,1.0
167,3,1,0,3,3,0,1,9.754340171813965,7.500704765319824,13.018611,0.33966643,0.37066084,0.28967267,1.0,2.0,1.0,1.0,1.0,2.0,3.0,1.0
168,3,1,0,3,3,0,1,7.55072021484375,5.92243766784668,11.854187,0.3400941,0.37018976,0.2897161,1.0,2.0,1.0,1.0,0.0,3.0,4.0,1.0
169,4,1,0,4,4,0,1,6.847200393676758,5.0718607902526855,11.457136,0.3404118,0.37001038,0.2895778,1.0,2.0,1.0,1.0,1.0,2.0,2.0,1.0
170,4,1,0,4,4,0,1,8.677261352539062,6.361266613006592,11.150661,0.3406228,0.36998594,0.2893913,1.0,2.0,1.0,1.0,0.0,2.0,1.0,1.0
171,5,1,0,5,5,0,1,6.915632724761963,5.38967752456665,10.151593,0.34125957,0.36967474,0.2890657,1.0,1.0,1.0,1.0,1.0,2.0,0.0,0.0
172,5,1,0,5,5,0,1,4.935276508331299,3.845531940460205,9.443247,0.3415555,0.36922398,0.28922045,0.0,1.0,1.0,1.0,0.0,1.0,1.0,0.0
173,6,1,0,6,6,0,1,4.709419250488281,3.945054054260254,8.561902,0.341186,0.3692519,0.28956208,1.0,1.0,1.0,1.0,1.0,0.0,0.0,0.0
174,6,1,0,6,6,0,1,4.737426280975342,4.128506183624268,8.535565,0.34138876,0.3690206,0.2895906,1.0,1.0,1.0,1.0,1.0,1.0,0.0,1.0
175,7,1,0,7,7,1,1,5.532864093780518,4.578202247619629,8.914674,0.3415226,0.36902156,0.28945586,1.0,1.0,1.0,1.0,0.0,1.0,0.0,1.0
176,7,1,0,7,7,1,1,6.674414157867432,6.0054545402526855,8.9172,0.3415996,0.36897635,0.2894241,1.0,1.0,1.0,1.0,0.0,1.0,0.0,0.0
177,8,1,0,8,8,1,1,7.23886251449585,5.460170269012451,9.230977,0.34121284,0.36899787,0.2897893,1.0,1.0,1.0,1.0,1.0,1.0,1.0,1.0
178,8,1,0,8,8,1,1,8.122323989868164,6.698390960693359,9.174867,0.34115148,0.3692014,0.28964713,1.0,1.0,1.0,1.0,1.0,1.0,0.0,1.0
179,9,1,0,9,9,1,1,10.975544929504395,8.811988830566406,10.268115,0.3407607,0.36973685,0.2895024,1.0,1.0,1.0,1.0,1.0,1.0,0.0,0.0
180,9,1,0,9,9,1,1,10.124427795410156,7.835046291351318,10.793043,0.34050816,0.37006685,0.289425,2.0,2.0,1.0,2.0,1.0,1.0,0.0,1.0
181,10,1,0,10,10,0,1,11.836222648620605,8.566309928894043,11.55273,0.34051302,0.36978778,0.28969917,3.0,2.0,2.0,2.0,2.0,1.0,1.0,1.0
182,10,1,0,10,10,0,1,10.197591781616211,7.598917007446289,11.546957,0.3405496,0.3701293,0.28932112,3.0,3.0,2.0,2.0,2.0,2.0,1.0,1.0
183,11,1,0,11,11,0,1,11.045466423034668,7.862314701080322,13.173143,0.34008247,0.3703439,0.2895736,3.0,2.0,3.0,2.0,3.0,2.0,1.0,1.0
184,11,1,0,11,11,0,1,12.891404151916504,10.235684394836426,12.818284,0.3400419,0.3703349,0.28962326,3.0,2.0,3.0,2.0,2.0,3.0,1.0,1.0
185,12,1,0,12,12,0,1,10.1298828125,7.708406448364258,12.517185,0.33991194,0.37060088,0.28948715,3.0,2.0,3.0,2.0,2.0,3.0,1.0,1.0
186,12,1,0,12,12,0,1,11.579988479614258,9.117097854614258,12.647421,0.3399342,0.37025917,0.28980666,4.0,2.0,3.0,2.0,2.0,2.0,1.0,1.0
187,13,1,0,13,13,0,1,12.035527229309082,8.5643949508667,12.595454,0.33975247,0.37043798,0.28980955,3.0,3.0,4.0,2.0,2.0,3.0,0.0,1.0
188,13,1,0,13,13,0,1,11.724621772766113,10.251752853393555,12.059818,0.33989933,0.3704658,0.28963488,4.0,2.0,3.0,2.0,2.0,3.0,0.0,1.0
189,14,1,0,14,14,0,1,11.802650451660156,10.217905044555664,12.144569,0.34018803,0.3702094,0.28960258,3.0,2.0,4.0,2.0,2.0,3.0,0.0,1.0
190,14,1,0,14,14,0,1,10.555444717407227,9.057597160339355,11.8196535,0.3400426,0.37024227,0.28971517,3.0,2.0,3.0,2.0,2.0,3.0,0.0,1.0
191,15,1,0,15,15,0,1,12.342209815979004,9.052082061767578,12.653772,0.3404584,0.36976373,0.28977787,3.0,2.0,3.0,2.0,2.0,2.0,1.0,1.0
192,15,1,0,15,15,0,1,13.586812973022461,9.006121635437012,12.672002,0.3399627,0.37033057,0.28970677,3.0,2.0,2.0,2.0,2.0,3.0,1.0,1.0
193,16,1,0,16,16,0,1,11.346293449401855,9.306441307067871,11.943434,0.3401118,0.37030733,0.2895809,3.0,2.0,3.0,2.0,2.0,3.0,1.0,1.0
194,16,1,0,16,16,0,1,11.672929763793945,8.52148723602295,12.234598,0.3400114,0.37041405,0.28957453,2.0,2.0,2.0,2.0,2.0,2.0,1.0,1.0
195,17,1,0,17,17,1,1,12.051680564880371,8.47741413116455,12.036576,0.34025645,0.37033376,0.28940976,3.0,2.0,3.0,2.0,1.0,2.0,0.0,1.0
196,17,1,0,17,17,1,1,9.600898742675781,7.474565029144287,11.95306,0.34022182,0.37053242,0.28924575,3.0,2.0,3.0,2.0,2.0,2.0,1.0,1.0
197,18,1,0,18,18,1,1,10.606820106506348,7.982525825500488,11.9795065,0.34034696,0.37018988,0.28946322,3.0,2.0,3.0,2.0,1.0,2.0,0.0,0.0
198,18,1,0,18,18,1,1,10.83045482635498,7.994467258453369,12.879495,0.34045097,0.37031788,0.28923112,3.0,2.0,3.0,2.0,2.0,3.0,1.0,1.0
199,19,1,0,19,19,1,1,13.352410316467285,8.993653297424316,13.216962,0.33998552,0.37036997,0.28964448,3.0,2.0,3.0,2.0,2.0,3.0,0.0,1.0
200,19,1,0,19,19,1,1,10.857095718383789,9.256305694580078,13.165401,0.3404031,0.37020817,0.28938875,2.0,2.0,3.0,2.0,2.0,2.0,1.0,1.0
201,20,1,0,20,20,0,1,8.973746299743652,6.383066177368164,13.19025,0.34066772,0.3698928,0.28943953,2.0,2.0,2.0,2.0,1.0,3.0,1.0,1.0
202,20,1,0,20,20,0,1,9.23273754119873,6.583732604980469,12.456686,0.34041637,0.3700287,0.28955492,2.0,2.0,2.0,2.0,2.0,3.0,0.0,0.0
203,21,1,0,21,21,0,1,9.324633598327637,7.214934825897217,11.137605,0.34048784,0.37024337,0.28926876,1.0,2.0,1.0,1.0,1.0,2.0,1.0,0.0
204,21,1,0,21,21,0,1,8.880219459533691,7.347480773925781,10.713474,0.34043708,0.37011698,0.28944594,2.0,2.0,1.0,1.0,1.0,2.0,0.0,0.0
205,22,1,0,22,22,0,1,7.753384590148926,6.638757228851318,10.662746,0.3405781,0.37007105,0.28935084,2.0,2.0,1.0,1.0,1.0,1.0,0.0,0.0
206,22,1,0,22,22,0,1,12.216294288635254,8.904973983764648,11.288624,0.34039107,0.37043142,0.2891775,2.0,2.0,1.0,2.0,1.0,2.0,0.0,0.0
207,23,1,0,23,23,0,1,10.404500961303711,7.425062656402588,11.727626,0.34056038,0.3701939,0.28924572,1.0,2.0,1.0,1.0,1.0,2.0,0.0,1.0
208,23,1,0,23,23,0,1,11.179336547851562,7.8306803703308105,11.405872,0.34074485,0.36998868,0.2892665,1.0,2.0,1.0,1.0,1.0,2.0,0.0,0.0
209,0,1,0,0,0,0,1,7.2411932945251465,5.477360248565674,10.543759,0.3408125,0.37003604,0.2891515,1.0,2.0,1.0,1.0,1.0,2.0,0.0,0.0
210,0,1,0,0,0,0,1,26.97307777404785,18.901140213012695,12.996435,0.34043217,0.36982328,0.28974462,2.0,2.0,1.0,1.0,1.0,1.0,0.0,0.0
211,1,1,0,1,1,0,1,12.977911949157715,9.289653778076172,12.245449,0.34087735,0.37045285,0.2886698,1.0,2.0,1.0,1.0,1.0,2.0,0.0,0.0
212,1,1,0,1,1,0,1,17.296667098999023,11.246447563171387,11.452123,0.3415948,0.3698253,0.28857994,1.0,1.0,1.0,1.0,1.0,1.0,0.0,0.0
213,2,1,0,2,2,0,1,7.250584125518799,6.022584915161133,9.746765,0.34191993,0.36955667,0.28852338,1.0,1.0,1.0,1.0,1.0,1.0,0.0,0.0
214,2,1,0,2,2,0,1,5.521941661834717,4.776479721069336,9.094418,0.341932,0.36953378,0.28853422,1.0,1.0,1.0,1.0,0.0,1.0,0.0,0.0
215,3,1,0,3,3,0,1,4.060483932495117,3.523029088973999,8.905342,0.3419548,0.36963582,0.28840938,1.0,1.0,1.0,1.0,0.0,1.0,0.0,0.0
216,3,1,0,3,3,0,1,4.772914886474609,4.195639133453369,8.8434925,0.34190232,0.3695443,0.28855345,1.0,1.0,1.0,1.0,0.0,1.0,0.0,1.0
217,4,1,0,4,4,0,1,3.881714105606079,3.126446008682251,8.922729,0.34194896,0.36950842,0.28854263,1.0,1.0,1.0,1.0,0.0,1.0,0.0,0.0
218,4,1,0,4,4,0,1,3.32598876953125,2.9882118701934814,8.946593,0.3418642,0.3694695,0.28866628,0.0,1.0,1.0,1.0,0.0,1.0,0.0,0.0
219,5,1,0,5,5,0,1,3.803488254547119,3.2831037044525146,9.049877,0.34167778,0.36930937,0.28901282,1.0,1.0,1.0,1.0,0.0,1.0,0.0,0.0
220,5,1,0,5,5,0,1,3.5920498371124268,3.1195552349090576,9.06741,0.34158626,0.36933082,0.28908297,1.0,1.0,1.0,1.0,0.0,1.0,0.0,0.0
221,6,1,0,6,6,0,1,7.220120906829834,5.464326858520508,8.9658575,0.34074217,0.36973104,0.2895268,1.0,1.0,1.0,1.0,1.0,1.0,0.0,0.0
222,6,1,0,6,6,0,1,7.4891791343688965,5.288899898529053,9.600162,0.3404733,0.36983734,0.2896893,1.0,1.0,1.0,2.0,1.0,1.0,0.0,0.0
223,7,1,0,7,7,1,1,9.74956226348877,7.109757423400879,10.936626,0.3400154,0.37068284,0.28930178,2.0,2.0,2.0,3.0,2.0,2.0,0.0,1.0
224,7,1,0,7,7,1,1,10.16044807434082,8.331696510314941,11.844834,0.33991084,0.3709019,0.28918725,2.0,2.0,3.0,4.0,3.0,2.0,0.0,0.0
225,8,1,0,8,8,1,1,13.790595054626465,9.616510391235352,13.755393,0.34000418,0.37019998,0.28979588,3.0,3.0,4.0,4.0,4.0,4.0,1.0,1.0
226,8,1,0,8,8,1,1,13.891070365905762,9.981696128845215,13.606202,0.3397529,0.37060523,0.2896419,4.0,4.0,5.0,5.0,4.0,2.0,1.0,1.0
227,9,1,0,9,9,1,1,18.21089744567871,14.666881561279297,13.513603,0.33957613,0.3707882,0.28963575,4.0,4.0,5.0,5.0,4.0,3.0,0.0,1.0
228,9,1,0,9,9,1,1,17.27431297302246,12.660292625427246,13.5495,0.3394381,0.37125662,0.28930524,4.0,5.0,5.0,4.0,3.0,3.0,1.0,1.0
229,10,1,0,10,10,0,1,17.37486457824707,13.830385208129883,13.087276,0.33960846,0.37111187,0.28927967,3.0,4.0,3.0,4.0,2.0,3.0,0.0,1.0
230,10,1,0,10,10,0,1,12.699006080627441,10.58394718170166,11.945396,0.33998898,0.37055233,0.28945866,3.0,4.0,2.0,3.0,2.0,1.0,0.0,0.0
231,11,1,0,11,11,0,1,11.842435836791992,8.737936019897461,11.889368,0.34040552,0.37042162,0.28917286,3.0,3.0,2.0,3.0,2.0,2.0,0.0,0.0
232,11,1,0,11,11,0,1,10.036502838134766,8.161197662353516,11.315548,0.34035173,0.37027964,0.2893686,2.0,3.0,3.0,2.0,2.0,2.0,0.0,0.0
233,12,1,0,12,12,0,1,10.608744621276855,8.741947174072266,11.52512,0.34043163,0.3702458,0.28932258,3.0,3.0,3.0,2.0,1.0,2.0,1.0,0.0
234,12,1,0,12,12,0,1,10.158394813537598,8.000768661499023,11.458164,0.34004065,0.3702372,0.2897221,3.0,3.0,3.0,2.0,1.0,2.0,0.0,1.0
235,13,1,0,13,13,0,1,10.383879661560059,9.109207153320312,11.610984,0.34017017,0.37023592,0.28959388,3.0,3.0,3.0,2.0,1.0,2.0,0.0,0.0
236,13,1,0,13,13,0,1,9.477492332458496,7.835317134857178,11.190627,0.33992502,0.37039986,0.28967512,3.0,2.0,3.0,2.0,1.0,2.0,0.0,0.0
237,14,1,0,14,14,0,1,12.579277992248535,8.380620956420898,11.865359,0.34001884,0.37036613,0.28961504,4.0,3.0,3.0,2.0,1.0,2.0,0.0,0.0
238,14,1,0,14,14,0,1,8.741262435913086,6.6312689781188965,11.319143,0.34020135,0.3704133,0.28938535,3.0,2.0,3.0,3.0,1.0,2.0,0.0,0.0
239,15,1,0,15,15,0,1,10.801552772521973,7.441135406494141,12.101407,0.339825,0.37035608,0.2898189,4.0,2.0,3.0,2.0,2.0,2.0,0.0,1.0
240,15,1,0,15,15,0,1,13.25049877166748,9.072590827941895,12.523894,0.34033722,0.37014997,0.28951284,3.0,2.0,3.0,2.0,1.0,2.0,0.0,1.0
241,16,1,0,16,16,0,1,10.508631706237793,8.147408485412598,12.213104,0.34007615,0.3701358,0.28978804,3.0,2.0,2.0,2.0,2.0,1.0,0.0,1.0
242,16,1,0,16,16,0,1,8.68713665008545,6.723700523376465,12.086517,0.33990952,0.37038285,0.2897076,3.0,2.0,3.0,2.0,1.0,1.0,0.0,1.0
243,17,1,0,17,17,1,1,10.96211051940918,8.560821533203125,11.8893,0.34020597,0.3701098,0.2896842,3.0,1.0,3.0,2.0,1.0,2.0,0.0,1.0
244,17,1,0,17,17,1,1,12.937845230102539,9.398032188415527,12.115476,0.3402866,0.37047783,0.28923553,3.0,1.0,3.0,2.0,1.0,2.0,0.0,1.0
245,18,1,0,18,18,1,1,14.342660903930664,11.099242210388184,13.539247,0.33974564,0.37087494,0.28937942,4.0,2.0,4.0,2.0,1.0,2.0,1.0,1.0
246,18,1,0,18,18,1,1,15.01195240020752,11.053875923156738,15.095903,0.33979523,0.37037635,0.28982845,3.0,2.0,4.0,2.0,1.0,2.0,0.0,1.0
247,19,1,0,19,19,1,1,16.092626571655273,11.31004524230957,16.131733,0.33945018,0.37088773,0.2896621,4.0,2.0,4.0,2.0,1.0,2.0,1.0,0.0
248,19,1,0,19,19,1,1,16.522899627685547,10.777544021606445,17.858345,0.33929634,0.37009987,0.29060376,3.0,2.0,3.0,2.0,1.0,3.0,0.0,1.0
249,20,1,0,20,20,0,1,13.947225570678711,9.990554809570312,16.637629,0.34019887,0.37048414,0.28931695,3.0,2.0,3.0,2.0,1.0,2.0,0.0,1.0
250,20,1,0,20,20,0,1,12.02522087097168,8.471895217895508,15.640347,0.34008795,0.37045398,0.28945804,4.0,2.0,3.0,2.0,1.0,3.0,1.0,1.0
251,21,1,0,21,21,0,1,12.281511306762695,9.086828231811523,15.204434,0.33973223,0.37073278,0.28953493,4.0,3.0,4.0,2.0,1.0,4.0,0.0,0.0
252,21,1,0,21,21,0,1,10.389405250549316,7.496056079864502,14.105344,0.3399408,0.370842,0.2892172,3.0,3.0,3.0,3.0,1.0,3.0,0.0,1.0
253,22,1,0,22,22,0,1,10.466552734375,8.429888725280762,13.855858,0.34005508,0.37098745,0.28895742,4.0,3.0,3.0,2.0,2.0,3.0,0.0,0.0
254,22,1,0,22,22,0,1,12.381537437438965,8.846918106079102,13.99208,0.33988416,0.37078372,0.28933212,3.0,3.0,3.0,3.0,1.0,3.0,0.0,1.0
255,23,1,0,23,23,0,1,10.150907516479492,7.716335773468018,13.326546,0.34027857,0.37053272,0.28918874,2.0,3.0,2.0,2.0,1.0,2.0,1.0,1.0
256,23,1,0,23,23,0,1,10.697347640991211,7.8619794845581055,12.814908,0.34033668,0.3702429,0.28942043,2.0,2.0,2.0,2.0,1.0,2.0,0.0,0.0
257,0,1,0,0,0,0,1,7.710363388061523,6.2753753662109375,10.85208,0.34078243,0.36997056,0.28924698,2.0,2.0,1.0,1.0,1.0,2.0,0.0,0.0
258,0,1,0,0,0,0,1,6.948186874389648,5.7642388343811035,10.2717905,0.34080765,0.37001473,0.28917763,2.0,2.0,1.0,1.0,1.0,2.0,1.0,0.0
259,1,1,0,1,1,0,1,4.843944072723389,4.234924793243408,10.125439,0.34141922,0.3700007,0.2885801,1.0,1.0,1.0,1.0,0.0,1.0,0.0,0.0
260,1,1,0,1,1,0,1,5.281688690185547,4.360524654388428,9.291308,0.34181148,0.36960018,0.28858832,1.0,1.0,1.0,1.0,1.0,1.0,1.0,1.0
261,2,1,0,2,2,0,1,4.264053821563721,4.131124019622803,9.054638,0.3420051,0.3694995,0.28849545,1.0,1.0,1.0,1.0,0.0,1.0,0.0,0.0
262,2,1,0,2,2,0,1,4.024719715118408,3.675353527069092,8.933941,0.34195718,0.36947754,0.2885653,1.0,1.0,1.0,1.0,0.0,1.0,0.0,0.0
263,3,1,0,3,3,0,1,4.149400234222412,3.708810806274414,8.968232,0.34184813,0.36956215,0.28858972,1.0,1.0,1.0,1.0,0.0,1.0,0.0,0.0
264,3,1,0,3,3,0,1,4.487475872039795,3.7580530643463135,8.880772,0.34184727,0.3695403,0.28861246,1.0,1.0,1.0,1.0,1.0,1.0,0.0,0.0
265,4,1,0,4,4,0,1,3.464714288711548,3.2599565982818604,8.884353,0.3418581,0.3695032,0.2886387,1.0,1.0,1.0,1.0,0.0,1.0,0.0,0.0
266,4,1,0,4,4,0,1,3.801745653152466,3.6176352500915527,8.840069,0.3418191,0.36948803,0.2886928,1.0,1.0,1.0,1.0,0.0,1.0,0.0,0.0
267,5,1,0,5,5,0,1,3.45442271232605,2.8593344688415527,9.035321,0.34153068,0.36967698,0.28879237,1.0,1.0,1.0,1.0,1.0,0.0,0.0,0.0
268,5,1,0,5,5,0,1,4.119447231292725,4.16639518737793,9.139215,0.34142905,0.36952332,0.28904766,1.0,1.0,1.0,1.0,0.0,1.0,0.0,0.0
269,6,1,0,6,6,0,1,5.9904022216796875,5.181565284729004,8.781283,0.34044924,0.37002304,0.2895277,1.0,1.0,1.0,1.0,1.0,1.0,0.0,0.0
270,6,1,0,6,6,0,1,7.2561469078063965,5.735060214996338,9.490907,0.3403261,0.3702724,0.2894015,1.0,1.0,1.0,2.0,1.0,1.0,0.0,1.0
271,7,1,0,7,7,1,1,9.774669647216797,7.148135185241699,11.997401,0.33966377,0.3711851,0.28915113,2.0,1.0,3.0,3.0,3.0,2.0,0.0,1.0
272,7,1,0,7,7,1,1,11.20279598236084,8.874441146850586,12.530971,0.34024903,0.37096667,0.2887843,3.0,3.0,4.0,4.0,3.0,2.0,0.0,1.0
273,8,1,0,8,8,1,1,13.521040916442871,10.2920503616333,15.0664015,0.34017366,0.37001637,0.28980997,4.0,3.0,5.0,5.0,4.0,4.0,0.0,1.0
274,8,1,0,8,8,1,1,13.145204544067383,10.126327514648438,14.973098,0.3396868,0.37039495,0.28991824,5.0,4.0,5.0,5.0,5.0,3.0,1.0,0.0
275,9,1,0,9,9,1,1,20.3156795501709,15.666829109191895,14.433419,0.3394456,0.3707284,0.28982607,5.0,5.0,5.0,5.0,4.0,3.0,1.0,1.0
276,9,1,0,9,9,1,1,15.641400337219238,12.348464965820312,13.613089,0.33910337,0.37108356,0.28981313,4.0,5.0,5.0,4.0,3.0,3.0,0.0,1.0
277,10,1,0,10,10,0,1,12.282268524169922,9.973729133605957,12.96614,0.33921733,0.37125403,0.2895286,4.0,4.0,4.0,4.0,2.0,2.0,1.0,1.0
278,10,1,0,10,10,0,1,12.523557662963867,8.542951583862305,12.555769,0.3395671,0.37066025,0.28977263,4.0,4.0,3.0,3.0,2.0,2.0,1.0,1.0
279,11,1,0,11,11,0,1,10.193765640258789,7.808546543121338,11.958877,0.33993274,0.37035072,0.2897165,3.0,3.0,3.0,3.0,2.0,2.0,1.0,1.0
280,11,1,0,11,11,0,1,10.819942474365234,9.737358093261719,11.739638,0.33998385,0.37042665,0.2895895,4.0,3.0,3.0,3.0,1.0,2.0,0.0,1.0
281,12,1,0,12,12,0,1,10.992316246032715,8.08298110961914,11.6785965,0.34002092,0.37031525,0.2896638,3.0,3.0,3.0,2.0,2.0,1.0,1.0,1.0
282,12,1,0,12,12,0,1,9.44248104095459,7.886859893798828,11.804592,0.34001616,0.37033775,0.2896461,3.0,3.0,3.0,2.0,2.0,2.0,1.0,1.0
283,13,1,0,13,13,0,1,10.11078929901123,8.182027816772461,11.767085,0.34009394,0.37005723,0.28984886,4.0,3.0,3.0,3.0,1.0,2.0,0.0,1.0
284,13,1,0,13,13,0,1,10.094286918640137,8.102262496948242,11.946936,0.340295,0.37022647,0.28947854,3.0,2.0,3.0,2.0,2.0,2.0,0.0,1.0
285,14,1,0,14,14,0,1,10.015525817871094,8.33462905883789,11.730534,0.33996537,0.37014574,0.2898889,4.0,3.0,3.0,3.0,2.0,3.0,0.0,0.0
286,14,1,0,14,14,0,1,9.864049911499023,9.069686889648438,11.704228,0.33999336,0.37062842,0.2893782,3.0,3.0,3.0,3.0,2.0,3.0,0.0,1.0
287,15,1,0,15,15,0,1,9.988469123840332,8.478132247924805,12.082385,0.33996817,0.37063068,0.28940114,3.0,2.0,3.0,2.0,2.0,3.0,0.0,0.0
288,15,1,0,15,15,0,1,10.897246360778809,8.718897819519043,12.589424,0.33988973,0.3705516,0.28955868,4.0,3.0,3.0,3.0,1.0,2.0,0.0,1.0
289,16,1,0,16,16,0,1,10.003716468811035,8.108092308044434,12.031421,0.33996508,0.37047142,0.2895635,3.0,2.0,3.0,2.0,2.0,2.0,0.0,1.0
290,16,1,0,16,16,0,1,11.190603256225586,8.973793029785156,12.049539,0.34049532,0.37016016,0.28934446,2.0,2.0,3.0,2.0,1.0,2.0,0.0,0.0
291,17,1,0,17,17,1,1,9.425596237182617,8.19709300994873,11.627646,0.3401069,0.37044975,0.28944328,3.0,2.0,3.0,2.0,1.0,3.0,0.0,0.0
292,17,1,0,17,17,1,1,10.735629081726074,7.792665958404541,12.031032,0.3402385,0.3703117,0.2894498,3.0,2.0,3.0,2.0,1.0,2.0,0.0,1.0
293,18,1,0,18,18,1,1,12.770867347717285,10.440091133117676,13.280109,0.34006786,0.37042737,0.2895048,3.0,2.0,3.0,2.0,2.0,2.0,0.0,0.0
294,18,1,0,18,18,1,1,12.74049186706543,9.276748657226562,14.157563,0.33959284,0.37052286,0.28988433,4.0,2.0,4.0,2.0,1.0,2.0,0.0,1.0
295,19,1,0,19,19,1,1,12.604177474975586,8.85993766784668,14.457499,0.33976737,0.3704723,0.28976032,3.0,2.0,4.0,2.0,2.0,2.0,0.0,1.0
296,19,1,0,19,19,1,1,14.481675148010254,11.316889762878418,14.531042,0.3393966,0.37073013,0.28987324,4.0,3.0,4.0,3.0,2.0,2.0,0.0,1.0
297,20,1,0,20,20,0,1,11.480536460876465,8.679130554199219,14.431649,0.33967194,0.37072387,0.28960422,4.0,3.0,4.0,2.0,1.0,3.0,0.0,1.0
298,20,1,0,20,20,0,1,10.167654037475586,8.376307487487793,13.889013,0.33989677,0.37049705,0.2896062,4.0,3.0,4.0,2.0,2.0,3.0,1.0,0.0
299,21,1,0,21,21,0,1,9.728914260864258,7.710719108581543,14.735466,0.3400246,0.37070456,0.28927085,4.0,3.0,4.0,3.0,2.0,5.0,0.0,0.0
300,21,1,0,21,21,0,1,13.704716682434082,8.997692108154297,15.133585,0.33961627,0.37124252,0.28914118,3.0,3.0,4.0,3.0,1.0,4.0,0.0,1.0
301,22,1,0,22,22,0,1,11.461893081665039,8.128303527832031,14.447065,0.33949247,0.3714854,0.28902212,3.0,3.0,3.0,3.0,1.0,4.0,1.0,1.0
302,22,1,0,22,22,0,1,9.96795654296875,7.022423267364502,13.978467,0.33957478,0.3710374,0.2893878,3.0,3.0,3.0,3.0,1.0,3.0,1.0,1.0
303,23,1,0,23,23,0,1,10.988672256469727,8.703798294067383,13.827432,0.33987916,0.37086678,0.28925404,2.0,3.0,2.0,3.0,1.0,3.0,1.0,1.0
304,23,1,0,23,23,0,1,9.45622730255127,6.827515125274658,13.082292,0.34002724,0.37068725,0.28928545,2.0,3.0,2.0,2.0,1.0,2.0,0.0,1.0
305,0,1,0,0,0,0,1,8.107739448547363,6.288766860961914,11.937752,0.3403144,0.3705105,0.28917512,3.0,2.0,1.0,2.0,1.0,3.0,0.0,1.0
306,0,1,0,0,0,0,1,7.688165664672852,6.678810119628906,10.803965,0.34074736,0.36998132,0.2892713,2.0,2.0,1.0,1.0,1.0,2.0,0.0,1.0
307,1,1,0,1,1,0,1,6.879221439361572,5.2790985107421875,10.173218,0.34090337,0.37022513,0.2888715,2.0,1.0,1.0,1.0,0.0,1.0,1.0,1.0
308,1,1,0,1,1,0,1,5.816380500793457,4.850292682647705,9.823657,0.34131074,0.37004593,0.28864336,2.0,1.0,1.0,1.0,1.0,1.0,0.0,1.0
309,2,1,0,2,2,0,1,5.721770286560059,4.944906234741211,9.096075,0.3416091,0.3698022,0.28858873,1.0,1.0,1.0,1.0,1.0,1.0,1.0,1.0
310,2,1,0,2,2,0,1,5.0258355140686035,4.195746421813965,9.337331,0.34187156,0.36975455,0.28837392,1.0,1.0,1.0,1.0,0.0,1.0,0.0,1.0
311,3,1,0,3,3,0,1,3.8805136680603027,3.5129802227020264,8.829261,0.34176296,0.3695829,0.2886541,1.0,1.0,1.0,1.0,0.0,1.0,0.0,1.0
312,3,1,0,3,3,0,1,4.315613269805908,3.903207540512085,8.911891,0.34175944,0.36956915,0.2886714,1.0,1.0,1.0,1.0,1.0,1.0,1.0,1.0
313,4,1,0,4,4,0,1,4.129269599914551,3.7285447120666504,8.978667,0.34169516,0.36947137,0.28883347,1.0,1.0,1.0,1.0,1.0,1.0,1.0,0.0
314,4,1,0,4,4,0,1,4.137429714202881,3.60675048828125,8.848298,0.34167525,0.36958066,0.28874406,1.0,1.0,1.0,1.0,1.0,1.0,0.0,0.0
315,5,1,0,5,5,0,1,3.598804473876953,2.7634737491607666,8.911731,0.34152073,0.369429,0.28905025,1.0,1.0,1.0,1.0,0.0,1.0,1.0,0.0
316,5,1,0,5,5,0,1,4.646118640899658,3.4530622959136963,9.047363,0.34132728,0.36943984,0.28923288,1.0,1.0,1.0,1.0,1.0,1.0,0.0,1.0
317,6,1,0,6,6,0,1,5.827149391174316,5.544713973999023,8.97941,0.34041947,0.36977017,0.28981033,1.0,1.0,1.0,1.0,1.0,1.0,0.0,0.0
318,6,1,0,6,6,0,1,7.189423561096191,5.1784281730651855,9.502839,0.3402447,0.37010086,0.2896544,1.0,1.0,1.0,2.0,1.0,1.0,0.0,0.0
319,7,1,0,7,7,1,1,8.074333190917969,6.568696022033691,11.309458,0.34007758,0.3708298,0.28909263,1.0,2.0,2.0,3.0,2.0,2.0,1.0,0.0
320,7,1,0,7,7,1,1,10.249818801879883,8.01171588897705,12.481397,0.34022638,0.3709799,0.28879374,2.0,2.0,3.0,4.0,3.0,2.0,0.0,0.0
321,8,1,0,8,8,1,1,12.304974555969238,9.067937850952148,14.814823,0.34018648,0.37022153,0.289592,4.0,4.0,4.0,5.0,3.0,3.0,1.0,1.0
322,8,1,0,8,8,1,1,12.108855247497559,8.42550277709961,14.818371,0.33988717,0.3701575,0.2899553,5.0,4.0,5.0,5.0,5.0,3.0,0.0,1.0
323,9,1,0,9,9,1,1,15.322518348693848,11.29310417175293,14.425695,0.33950245,0.37053797,0.28995958,5.0,5.0,5.0,5.0,4.0,3.0,0.0,0.0
324,9,1,0,9,9,1,1,12.768349647521973,11.059320449829102,13.056265,0.33950672,0.3707239,0.28976938,4.0,5.0,5.0,4.0,3.0,3.0,1.0,1.0
325,10,1,0,10,10,0,1,10.040266036987305,7.77513313293457,12.618582,0.3389103,0.37105682,0.2900329,4.0,5.0,4.0,4.0,3.0,2.0,1.0,1.0
326,10,1,0,10,10,0,1,11.111281394958496,8.823156356811523,12.03863,0.3397723,0.3704656,0.28976208,3.0,4.0,4.0,3.0,3.0,2.0,0.0,1.0
327,11,1,0,11,11,0,1,10.026813507080078,8.040369987487793,11.739662,0.3399206,0.37016252,0.2899169,4.0,3.0,3.0,3.0,2.0,2.0,1.0,0.0
328,11,1,0,11,11,0,1,9.465731620788574,8.406338691711426,11.574757,0.34020755,0.37007535,0.28971714,3.0,3.0,3.0,3.0,1.0,1.0,0.0,1.0
329,12,1,0,12,12,0,1,9.996659278869629,7.89372444152832,11.538344,0.33994687,0.37020501,0.28984812,4.0,3.0,4.0,3.0,2.0,2.0,0.0,1.0
330,12,1,0,12,12,0,1,10.816361427307129,9.061870574951172,11.863977,0.34013584,0.37021232,0.28965187,3.0,2.0,3.0,3.0,1.0,2.0,0.0,0.0
331,13,1,0,13,13,0,1,9.262702941894531,7.286816120147705,12.027698,0.33999005,0.37030962,0.28970036,4.0,3.0,3.0,3.0,1.0,2.0,0.0,1.0
332,13,1,0,13,13,0,1,8.940926551818848,6.866392135620117,11.711557,0.3401634,0.3705681,0.28926846,3.0,2.0,3.0,3.0,1.0,1.0,0.0,1.0
333,14,1,0,14,14,0,1,10.228314399719238,8.49035358428955,11.721628,0.34019098,0.37027556,0.28953347,4.0,2.0,4.0,2.0,1.0,2.0,1.0,1.0
334,14,1,0,14,14,0,1,9.66245174407959,6.948312282562256,11.428664,0.34022045,0.3700017,0.28977785,3.0,2.0,3.0,2.0,1.0,2.0,1.0,1.0
335,15,1,0,15,15,0,1,12.092059135437012,9.044925689697266,12.519231,0.3401509,0.37030333,0.2895458,3.0,2.0,3.0,3.0,2.0,2.0,1.0,1.0
336,15,1,0,15,15,0,1,10.465906143188477,7.023448944091797,12.5586815,0.34020177,0.37043694,0.28936136,3.0,3.0,3.0,2.0,1.0,2.0,1.0,0.0
337,16,1,0,16,16,0,1,11.894309043884277,8.995523452758789,12.437778,0.34031242,0.37017113,0.28951648,3.0,3.0,3.0,2.0,2.0,2.0,1.0,1.0
338,16,1,0,16,16,0,1,11.215865135192871,8.436506271362305,11.751381,0.34016323,0.37027746,0.2895593,3.0,2.0,3.0,2.0,1.0,2.0,0.0,1.0
339,17,1,0,17,17,1,1,10.205925941467285,7.6826982498168945,11.757489,0.34018415,0.3703784,0.28943747,2.0,2.0,3.0,1.0,1.0,2.0,0.0,1.0
340,17,1,0,17,17,1,1,11.76159954071045,9.200981140136719,11.813005,0.3402068,0.37007436,0.28971884,3.0,1.0,3.0,1.0,1.0,2.0,0.0,1.0
341,18,1,0,18,18,1,1,11.960296630859375,9.009037017822266,12.84864,0.33983865,0.37044704,0.2897143,3.0,2.0,4.0,2.0,1.0,2.0,1.0,0.0
342,18,1,0,18,18,1,1,11.806041717529297,9.290019035339355,13.4500265,0.33966103,0.3706866,0.28965235,3.0,2.0,4.0,2.0,2.0,3.0,0.0,1.0
343,19,1,0,19,19,1,1,11.598013877868652,8.043142318725586,14.352557,0.33984777,0.37057656,0.28957567,3.0,2.0,3.0,2.0,2.0,4.0,0.0,1.0
344,19,1,0,19,19,1,1,12.223539352416992,9.210014343261719,14.502804,0.3393359,0.3709396,0.28972444,4.0,2.0,3.0,2.0,2.0,4.0,1.0,1.0
345,20,1,0,20,20,0,1,10.521757125854492,8.865452766418457,13.934515,0.33960328,0.37089658,0.2895001,4.0,2.0,4.0,2.0,2.0,4.0,0.0,0.0
346,20,1,0,20,20,0,1,11.813844680786133,8.567811965942383,14.078178,0.33972728,0.37083378,0.2894389,3.0,3.0,3.0,2.0,2.0,3.0,0.0,0.0
347,21,1,0,21,21,0,1,11.04870891571045,8.275130271911621,14.604214,0.33978483,0.37101483,0.2892003,4.0,3.0,4.0,3.0,2.0,3.0,1.0,1.0
348,21,1,0,21,21,0,1,9.205445289611816,7.359715461730957,14.272068,0.33979985,0.3708263,0.28937387,3.0,2.0,4.0,2.0,2.0,4.0,0.0,0.0
349,22,1,0,22,22,0,1,12.015022277832031,9.43960952758789,14.235193,0.3396048,0.3710079,0.2893873,3.0,3.0,3.0,3.0,2.0,4.0,0.0,1.0
350,22,1,0,22,22,0,1,10.0631685256958,7.729559421539307,14.395298,0.33928764,0.37120143,0.28951094,4.0,3.0,3.0,3.0,1.0,3.0,1.0,1.0
351,23,1,0,23,23,0,1,13.167484283447266,8.480459213256836,14.34178,0.33977327,0.3708354,0.28939134,2.0,3.0,2.0,3.0,1.0,3.0,0.0,0.0
352,23,1,0,23,23,0,1,10.147042274475098,7.077993869781494,13.0374365,0.3397175,0.37077537,0.28950712,2.0,3.0,2.0,2.0,2.0,4.0,1.0,1.0
353,0,1,0,0,0,0,1,8.809610366821289,7.679723739624023,12.392439,0.33991304,0.37074026,0.28934672,2.0,3.0,1.0,2.0,1.0,2.0,1.0,0.0
354,0,1,0,0,0,0,1,7.241668224334717,5.529356002807617,11.224353,0.3402946,0.3702811,0.28942427,2.0,2.0,1.0,2.0,1.0,2.0,0.0,1.0
355,1,1,0,1,1,0,1,6.820818901062012,5.284541130065918,11.006056,0.34070945,0.37034962,0.2889409,2.0,2.0,1.0,1.0,1.0,2.0,0.0,1.0
356,1,1,0,1,1,0,1,5.674292087554932,4.414632320404053,9.862645,0.34086543,0.36993796,0.28919667,1.0,1.0,1.0,1.0,1.0,2.0,0.0,0.0
357,2,1,0,2,2,0,1,5.63482666015625,4.8588547706604,9.347552,0.34126672,0.36986905,0.28886423,1.0,1.0,1.0,1.0,0.0,1.0,0.0,0.0
358,2,1,0,2,2,0,1,4.820578098297119,4.336791515350342,9.089923,0.34147924,0.3697523,0.28876844,1.0,1.0,1.0,1.0,1.0,1.0,0.0,0.0
359,3,1,0,3,3,0,1,4.8858256340026855,4.200059413909912,9.03374,0.34148544,0.36971083,0.28880373,1.0,1.0,1.0,1.0,0.0,1.0,0.0,0.0
360,3,1,0,3,3,0,1,4.3182759284973145,3.6533374786376953,8.991339,0.34144634,0.3695138,0.2890398,1.0,1.0,1.0,1.0,0.0,1.0,1.0,0.0
361,4,1,0,4,4,0,1,3.778695821762085,3.175424098968506,8.948086,0.34147173,0.3695387,0.28898957,1.0,1.0,1.0,1.0,0.0,1.0,0.0,0.0
362,4,1,0,4,4,0,1,3.505808115005493,3.2972559928894043,8.806299,0.34151635,0.36946064,0.28902298,1.0,1.0,1.0,1.0,0.0,1.0,0.0,0.0
363,5,1,0,5,5,0,1,4.512993812561035,3.2305166721343994,8.883229,0.34141502,0.3692681,0.28931686,1.0,1.0,1.0,1.0,0.0,1.0,0.0,0.0
364,5,1,0,5,5,0,1,3.914287805557251,3.4183380603790283,9.0100155,0.34134486,0.3691834,0.28947172,1.0,1.0,1.0,1.0,0.0,1.0,0.0,0.0
365,6,1,0,6,6,0,1,5.875883102416992,4.292819023132324,8.892299,0.34039894,0.36957946,0.29002166,1.0,1.0,1.0,1.0,1.0,1.0,0.0,0.0
366,6,1,0,6,6,0,1,7.044350624084473,5.7021870613098145,9.556637,0.34054068,0.3700152,0.28944412,1.0,1.0,1.0,2.0,1.0,1.0,0.0,0.0
367,7,1,0,7,7,1,1,9.979930877685547,7.867919921875,11.442761,0.33983493,0.37111485,0.28905025,2.0,2.0,3.0,3.0,4.0,2.0,1.0,0.0
368,7,1,0,7,7,1,1,12.202465057373047,8.755843162536621,12.528213,0.34040082,0.3708539,0.28874528,3.0,3.0,3.0,4.0,3.0,3.0,1.0,0.0
369,8,1,0,8,8,1,1,12.335613250732422,9.65698528289795,15.090676,0.34066284,0.369606,0.28973114,3.0,4.0,4.0,5.0,4.0,3.0,0.0,1.0
370,8,1,0,8,8,1,1,12.476764678955078,10.57305908203125,16.052628,0.33988452,0.3699343,0.29018113,5.0,5.0,5.0,5.0,5.0,3.0,1.0,1.0
371,9,1,0,9,9,1,1,16.087430953979492,12.71396541595459,14.9187,0.34002516,0.37038326,0.2895916,5.0,5.0,5.0,5.0,4.0,3.0,1.0,1.0
372,9,1,0,9,9,1,1,21.498018264770508,16.5600528717041,14.785637,0.33957866,0.37090573,0.28951558,5.0,5.0,5.0,5.0,5.0,3.0,1.0,1.0
373,10,1,0,10,10,0,1,16.089160919189453,13.049542427062988,13.149016,0.33940998,0.3710066,0.28958338,4.0,5.0,4.0,5.0,2.0,3.0,0.0,1.0
374,10,1,0,10,10,0,1,13.947092056274414,11.210424423217773,12.075249,0.34004375,0.37034178,0.28961444,3.0,4.0,3.0,4.0,2.0,3.0,1.0,1.0
375,11,1,0,11,11,0,1,11.139482498168945,8.412178039550781,12.271726,0.34015992,0.37005666,0.28978345,3.0,3.0,3.0,4.0,2.0,2.0,0.0,0.0
376,11,1,0,11,11,0,1,9.754878044128418,7.726707458496094,11.714682,0.3399966,0.36990312,0.29010028,4.0,3.0,3.0,3.0,2.0,3.0,0.0,1.0
377,12,1,0,12,12,0,1,9.65652847290039,8.022794723510742,11.515207,0.33996463,0.37007758,0.2899578,3.0,3.0,4.0,3.0,1.0,3.0,0.0,1.0
378,12,1,0,12,12,0,1,10.768853187561035,8.889436721801758,11.907536,0.34010834,0.37033847,0.28955314,4.0,3.0,4.0,3.0,1.0,2.0,0.0,1.0
379,13,1,0,13,13,0,1,11.073212623596191,9.089067459106445,12.041976,0.34004202,0.37016714,0.2897908,3.0,3.0,3.0,2.0,1.0,2.0,0.0,1.0
380,13,1,0,13,13,0,1,12.468441009521484,9.0670747756958,12.238697,0.33996415,0.37058398,0.28945187,4.0,3.0,4.0,3.0,2.0,2.0,0.0,1.0
381,14,1,0,14,14,0,1,10.425312995910645,7.852921009063721,12.007879,0.33984336,0.37036967,0.28978696,4.0,2.0,3.0,3.0,1.0,2.0,0.0,1.0
382,14,1,0,14,14,0,1,11.84069538116455,9.915157318115234,12.273874,0.3400377,0.37048292,0.28947937,3.0,2.0,3.0,2.0,1.0,2.0,0.0,1.0
383,15,1,0,15,15,0,1,10.809260368347168,7.783545017242432,12.650059,0.33974248,0.3705472,0.28971028,3.0,3.0,4.0,3.0,2.0,2.0,0.0,0.0
384,15,1,0,15,15,0,1,12.861371040344238,8.627178192138672,12.620626,0.3402198,0.37031886,0.28946128,4.0,2.0,3.0,2.0,2.0,2.0,1.0,1.0
385,16,1,0,16,16,0,1,10.858002662658691,7.825665473937988,12.017622,0.34007657,0.37054273,0.28938067,2.0,2.0,3.0,2.0,2.0,2.0,0.0,1.0
386,16,1,0,16,16,0,1,10.119388580322266,7.706636428833008,11.851147,0.3404681,0.370191,0.28934085,2.0,2.0,2.0,2.0,1.0,2.0,1.0,1.0
387,17,1,0,17,17,1,1,7.785965442657471,7.172079563140869,11.493072,0.3403067,0.3702568,0.2894365,3.0,2.0,2.0,2.0,1.0,1.0,1.0,1.0
388,17,1,0,17,17,1,1,11.099900245666504,8.727259635925293,12.067402,0.34025872,0.37007925,0.289662,3.0,2.0,3.0,2.0,2.0,2.0,0.0,1.0
389,18,1,0,18,18,1,1,10.052001953125,8.199651718139648,13.248263,0.3398884,0.370518,0.28959364,4.0,2.0,4.0,2.0,2.0,2.0,0.0,1.0
390,18,1,0,18,18,1,1,11.646658897399902,9.218535423278809,14.1468315,0.3397993,0.37058303,0.28961763,3.0,2.0,3.0,2.0,1.0,2.0,0.0,1.0
391,19,1,0,19,19,1,1,13.043721199035645,9.58191204071045,14.712616,0.33949438,0.3708684,0.2896372,4.0,2.0,4.0,2.0,1.0,3.0,1.0,1.0
392,19,1,0,19,19,1,1,11.565973281860352,8.364176750183105,14.760709,0.33988,0.37077057,0.28934944,4.0,3.0,4.0,2.0,1.0,3.0,0.0,1.0
393,20,1,0,20,20,0,1,14.143855094909668,10.845356941223145,15.364859,0.33976406,0.37074056,0.2894954,4.0,2.0,4.0,2.0,2.0,3.0,0.0,1.0
394,20,1,0,20,20,0,1,10.733940124511719,8.551300048828125,14.504053,0.33995205,0.37087232,0.28917566,3.0,3.0,4.0,2.0,2.0,4.0,1.0,1.0
395,21,1,0,21,21,0,1,12.372063636779785,9.527174949645996,15.083609,0.33967608,0.37103304,0.28929088,4.0,3.0,4.0,2.0,2.0,3.0,0.0,0.0
396,21,1,0,21,21,0,1,10.66529369354248,7.623237609863281,14.944895,0.3398144,0.37130925,0.28887638,4.0,3.0,4.0,3.0,1.0,3.0,1.0,1.0
397,22,1,0,22,22,0,1,15.829575538635254,10.570709228515625,15.476136,0.33970883,0.37094843,0.28934276,4.0,3.0,3.0,2.0,2.0,5.0,0.0,1.0
398,22,1,0,22,22,0,1,12.088781356811523,8.53407096862793,14.670671,0.33984408,0.3707982,0.2893577,4.0,3.0,3.0,2.0,2.0,3.0,0.0,1.0
399,23,1,0,23,23,0,1,12.330842018127441,9.753747940063477,14.678663,0.33976358,0.37088862,0.28934783,3.0,3.0,3.0,3.0,1.0,3.0,0.0,1.0
400,23,1,0,23,23,0,1,9.596738815307617,6.390206813812256,14.196434,0.33966902,0.37082145,0.28950953,3.0,3.0,2.0,3.0,1.0,3.0,1.0,1.0
401,24,0,1,0,0,0,1,9.770752906799316,7.4196882247924805,13.47625,0.3402494,0.37091464,0.28883594,2.0,3.0,2.0,2.0,1.0,3.0,1.0,1.0
402,24,0,1,0,0,0,1,9.26468563079834,7.244221210479736,12.325127,0.3402787,0.3708087,0.28891256,2.0,3.0,1.0,2.0,1.0,2.0,1.0,0.0
403,25,0,1,1,1,0,1,8.027602195739746,5.845124244689941,11.493901,0.34036258,0.37025884,0.2893786,2.0,3.0,1.0,1.0,1.0,3.0,1.0,1.0
404,25,0,1,1,1,0,1,6.5603861808776855,5.379762172698975,10.503484,0.34019536,0.37047616,0.28932846,2.0,2.0,1.0,1.0,1.0,2.0,0.0,1.0
405,26,0,1,2,2,0,1,6.375349521636963,5.265140056610107,9.882835,0.34034994,0.37032402,0.28932607,2.0,1.0,1.0,1.0,1.0,1.0,0.0,0.0
406,26,0,1,2,2,0,1,5.0412068367004395,4.685060501098633,9.479168,0.34078744,0.37021473,0.2889978,1.0,1.0,1.0,1.0,1.0,2.0,0.0,0.0
407,27,0,1,3,3,0,1,6.4387993812561035,4.996264457702637,9.241791,0.34113342,0.36997154,0.288895,1.0,1.0,1.0,1.0,1.0,1.0,0.0,0.0
408,27,0,1,3,3,0,1,5.71090030670166,4.621404647827148,9.154052,0.3411864,0.36999932,0.28881434,1.0,1.0,1.0,1.0,1.0,1.0,0.0,1.0
409,28,0,1,4,4,0,1,4.923421382904053,3.8905370235443115,8.962468,0.34139708,0.36965793,0.28894502,1.0,1.0,1.0,1.0,0.0,1.0,1.0,0.0
410,28,0,1,4,4,0,1,5.569736480712891,4.585989475250244,8.953006,0.3413417,0.36957055,0.28908774,1.0,1.0,1.0,1.0,0.0,1.0,1.0,0.0
411,29,0,1,5,5,0,1,4.853357315063477,3.935131072998047,8.619696,0.34143314,0.3693721,0.2891948,1.0,1.0,1.0,1.0,0.0,1.0,0.0,0.0
412,29,0,1,5,5,0,1,5.2309956550598145,4.854581356048584,8.773188,0.34117207,0.36931217,0.28951576,1.0,1.0,1.0,1.0,0.0,1.0,0.0,0.0
413,30,0,1,6,6,0,1,6.615414142608643,5.965432167053223,8.883684,0.3406564,0.36946923,0.28987437,1.0,1.0,1.0,1.0,1.0,1.0,0.0,0.0
414,30,0,1,6,6,0,1,6.7267560958862305,5.080928802490234,9.494282,0.34068748,0.36977634,0.28953615,1.0,1.0,1.0,2.0,1.0,1.0,1.0,1.0
415,31,0,1,7,7,1,1,8.575246810913086,7.205937385559082,10.862802,0.34024996,0.37058946,0.28916064,2.0,2.0,2.0,3.0,3.0,1.0,1.0,1.0
416,31,0,1,7,7,1,1,9.73017406463623,7.248412132263184,12.808145,0.34016708,0.37040713,0.2894258,2.0,2.0,3.0,4.0,3.0,3.0,1.0,1.0
417,32,0,1,8,8,1,1,12.082239151000977,8.143431663513184,14.35042,0.34038407,0.3699918,0.28962412,3.0,4.0,4.0,4.0,5.0,2.0,1.0,1.0
418,32,0,1,8,8,1,1,10.845063209533691,7.709479331970215,14.438785,0.34004545,0.3700142,0.28994033,4.0,4.0,5.0,4.0,3.0,3.0,1.0,1.0
419,33,0,1,9,9,1,1,13.299057006835938,10.81974983215332,15.338441,0.33994123,0.37005022,0.29000857,4.0,4.0,5.0,5.0,4.0,3.0,1.0,1.0
420,33,0,1,9,9,1,1,14.825640678405762,10.521316528320312,14.86243,0.3400165,0.37039474,0.28958875,5.0,5.0,4.0,4.0,3.0,3.0,1.0,1.0
421,34,0,1,10,10,0,1,13.291833877563477,10.368492126464844,13.243282,0.3397865,0.3705716,0.28964192,4.0,5.0,4.0,4.0,3.0,4.0,1.0,1.0
422,34,0,1,10,10,0,1,12.0000581741333,9.432172775268555,11.571538,0.3401089,0.3705095,0.28938153,3.0,4.0,3.0,4.0,2.0,3.0,1.0,1.0
423,35,0,1,11,11,0,1,10.988947868347168,9.257076263427734,11.479736,0.34019226,0.37028927,0.2895185,4.0,4.0,3.0,3.0,2.0,2.0,0.0,1.0
424,35,0,1,11,11,0,1,11.144369125366211,9.40729808807373,11.751645,0.3401563,0.3701432,0.2897005,3.0,3.0,3.0,3.0,2.0,2.0,1.0,1.0
425,36,0,1,12,12,0,1,9.401467323303223,8.144570350646973,11.199995,0.3400845,0.37026313,0.28965235,3.0,3.0,3.0,3.0,1.0,2.0,0.0,1.0
426,36,0,1,12,12,0,1,10.933829307556152,9.132771492004395,11.770338,0.33993587,0.37045684,0.2896073,4.0,3.0,3.0,2.0,1.0,1.0,1.0,1.0
427,37,0,1,13,13,0,1,11.668928146362305,9.583858489990234,11.499066,0.3397623,0.37038267,0.28985506,4.0,3.0,4.0,2.0,1.0,1.0,1.0,1.0
428,37,0,1,13,13,0,1,10.318580627441406,9.06827163696289,11.553004,0.34014317,0.3703579,0.28949896,3.0,2.0,3.0,2.0,2.0,2.0,1.0,1.0
429,38,0,1,14,14,0,1,9.59827709197998,7.633573532104492,11.414695,0.3399731,0.37052757,0.28949937,3.0,2.0,3.0,2.0,1.0,2.0,0.0,1.0
430,38,0,1,14,14,0,1,10.618900299072266,7.6238861083984375,11.675078,0.3402028,0.37022236,0.28957483,3.0,2.0,3.0,2.0,1.0,2.0,0.0,0.0
431,39,0,1,15,15,0,1,12.209993362426758,8.621509552001953,12.379397,0.33986905,0.37026453,0.28986636,3.0,2.0,3.0,2.0,2.0,2.0,0.0,1.0
432,39,0,1,15,15,0,1,11.976238250732422,8.552629470825195,12.693001,0.3400312,0.37069675,0.28927207,3.0,2.0,3.0,2.0,2.0,2.0,0.0,1.0
433,40,0,1,16,16,0,1,10.594310760498047,8.16860580444336,11.601621,0.34026274,0.37028828,0.28944898,2.0,2.0,3.0,2.0,2.0,2.0,1.0,1.0
434,40,0,1,16,16,0,1,10.171855926513672,7.992503643035889,11.3129225,0.34026772,0.37042844,0.28930387,2.0,1.0,2.0,1.0,1.0,2.0,0.0,1.0
435,41,0,1,17,17,1,1,10.337400436401367,8.628934860229492,11.713262,0.3402698,0.37028992,0.28944024,2.0,1.0,2.0,2.0,1.0,2.0,1.0,1.0
436,41,0,1,17,17,1,1,11.489706039428711,8.145635604858398,12.231468,0.34031305,0.36980942,0.2898775,3.0,2.0,3.0,1.0,1.0,2.0,1.0,1.0
437,42,0,1,18,18,1,1,11.879155158996582,9.505864143371582,13.413055,0.34008268,0.37003776,0.2898796,3.0,2.0,3.0,2.0,2.0,2.0,1.0,1.0
438,42,0,1,18,18,1,1,12.877344131469727,7.95477294921875,15.787781,0.33947507,0.3699317,0.29059324,3.0,2.0,3.0,2.0,2.0,3.0,1.0,1.0
439,43,0,1,19,19,1,1,16.187423706054688,10.077657699584961,17.473085,0.33886704,0.36979795,0.29133505,4.0,2.0,3.0,2.0,1.0,3.0,1.0,1.0
440,43,0,1,19,19,1,1,14.803089141845703,9.5924654006958,18.372202,0.3390506,0.3695733,0.2913761,4.0,2.0,3.0,2.0,2.0,2.0,1.0,1.0
441,44,0,1,20,20,0,1,13.097001075744629,8.911770820617676,16.757622,0.33939645,0.36972624,0.29087728,4.0,3.0,4.0,2.0,2.0,3.0,1.0,1.0
442,44,0,1,20,20,0,1,12.22503662109375,9.1218843460083,15.923846,0.3398898,0.37017554,0.28993464,3.0,3.0,4.0,2.0,3.0,4.0,1.0,1.0
443,45,0,1,21,21,0,1,11.40794849395752,8.081612586975098,15.710972,0.33974633,0.37026098,0.28999272,4.0,3.0,3.0,2.0,2.0,2.0,1.0,1.0
444,45,0,1,21,21,0,1,11.772814750671387,9.181672096252441,15.755803,0.33991924,0.3703967,0.28968412,3.0,3.0,3.0,2.0,2.0,3.0,1.0,1.0
445,46,0,1,22,22,0,1,10.963512420654297,7.93436861038208,15.337939,0.34019247,0.37022924,0.28957835,3.0,3.0,3.0,2.0,1.0,2.0,1.0,1.0
446,46,0,1,22,22,0,1,11.408037185668945,7.96281623840332,15.547664,0.3397496,0.37052718,0.28972322,4.0,3.0,2.0,3.0,2.0,3.0,1.0,1.0
447,47,0,1,23,23,0,1,12.824649810791016,8.94481372833252,17.411875,0.3395662,0.37047637,0.28995746,4.0,3.0,2.0,2.0,1.0,3.0,1.0,1.0
448,47,0,1,23,23,0,1,13.98508071899414,9.067070007324219,17.721146,0.33985367,0.3706026,0.2895437,3.0,3.0,2.0,2.0,2.0,3.0,1.0,1.0
449,24,0,1,0,0,0,1,12.071752548217773,7.927883625030518,17.07333,0.33985618,0.369886,0.29025778,4.0,3.0,2.0,2.0,1.0,3.0,1.0,1.0
450,24,0,1,0,0,0,1,11.272279739379883,8.258484840393066,16.02197,0.33982235,0.3701891,0.28998858,3.0,3.0,2.0,2.0,1.0,2.0,1.0,1.0
451,25,0,1,1,1,0,1,11.006551742553711,7.6850385665893555,16.270153,0.3400152,0.37033427,0.28965056,3.0,3.0,1.0,2.0,1.0,2.0,0.0,1.0
452,25,0,1,1,1,0,1,10.284886360168457,7.570156097412109,14.776978,0.3399006,0.37025484,0.28984454,2.0,3.0,1.0,2.0,1.0,2.0,1.0,1.0
453,26,0,1,2,2,0,1,7.549952507019043,5.604255199432373,14.147666,0.3400313,0.37026936,0.28969932,2.0,2.0,1.0,2.0,1.0,2.0,0.0,1.0
454,26,0,1,2,2,0,1,9.453317642211914,6.274257659912109,13.244804,0.3400191,0.37049827,0.28948262,1.0,2.0,1.0,1.0,1.0,3.0,2.0,1.0
455,27,0,1,3,3,0,1,7.929302215576172,5.645952224731445,12.80637,0.33974344,0.37045464,0.28980193,1.0,3.0,1.0,1.0,1.0,2.0,2.0,1.0
456,27,0,1,3,3,0,1,7.580898761749268,6.18505859375,11.224148,0.33981872,0.37070736,0.28947395,1.0,2.0,1.0,1.0,1.0,2.0,1.0,0.0
457,28,0,1,4,4,0,1,8.021145820617676,6.387216567993164,10.929436,0.3403292,0.37020174,0.2894691,1.0,2.0,1.0,1.0,1.0,1.0,3.0,1.0
458,28,0,1,4,4,0,1,7.640261650085449,5.595934867858887,10.907897,0.34035546,0.37016767,0.28947687,1.0,1.0,1.0,1.0,0.0,1.0,1.0,1.0
459,29,0,1,5,5,0,1,6.308988094329834,4.779094219207764,9.959489,0.3409821,0.369666,0.28935188,1.0,1.0,1.0,1.0,1.0,1.0,0.0,0.0
460,29,0,1,5,5,0,1,5.174951076507568,4.2782087326049805,9.3337755,0.3410835,0.36938912,0.28952736,1.0,1.0,1.0,1.0,0.0,1.0,0.0,0.0
461,30,0,1,6,6,0,1,4.709130764007568,3.5895628929138184,8.582037,0.34103587,0.36931333,0.2896508,1.0,1.0,1.0,1.0,1.0,1.0,0.0,0.0
462,30,0,1,6,6,0,1,4.092743873596191,3.700770854949951,8.836819,0.34124348,0.36900485,0.2897517,1.0,1.0,1.0,1.0,0.0,1.0,0.0,0.0
463,31,0,1,7,7,1,1,6.730531692504883,4.740839958190918,9.462305,0.34123135,0.36905152,0.28971714,1.0,1.0,1.0,1.0,0.0,1.0,0.0,1.0
464,31,0,1,7,7,1,1,7.633520603179932,5.123262882232666,9.353111,0.34147742,0.36880362,0.289719,1.0,1.0,1.0,1.0,1.0,0.0,0.0,1.0
465,32,0,1,8,8,1,1,8.500593185424805,7.128621578216553,9.659318,0.34093356,0.36917576,0.28989068,1.0,1.0,1.0,1.0,1.0,1.0,0.0,1.0
466,32,0,1,8,8,1,1,8.3374662399292,6.474164962768555,9.737515,0.34076315,0.36922628,0.29001054,2.0,1.0,1.0,1.0,1.0,1.0,1.0,1.0
467,33,0,1,9,9,1,1,8.940438270568848,6.473878383636475,11.169769,0.3401452,0.3697469,0.2901079,3.0,2.0,2.0,1.0,1.0,1.0,0.0,1.0
468,33,0,1,9,9,1,1,8.753071784973145,6.797746658325195,11.538938,0.34042484,0.36985663,0.28971857,3.0,2.0,2.0,2.0,1.0,2.0,1.0,1.0
469,34,0,1,10,10,0,1,10.442292213439941,8.373547554016113,12.657005,0.3397188,0.3701674,0.2901138,3.0,3.0,2.0,2.0,2.0,2.0,0.0,1.0
470,34,0,1,10,10,0,1,10.18138313293457,8.054502487182617,11.950998,0.33993495,0.37009034,0.28997478,3.0,3.0,3.0,2.0,2.0,2.0,0.0,1.0
471,35,0,1,11,11,0,1,10.34499740600586,8.131953239440918,12.229009,0.34011084,0.3703813,0.28950787,3.0,3.0,3.0,2.0,3.0,2.0,1.0,1.0
472,35,0,1,11,11,0,1,10.009065628051758,8.179007530212402,12.30811,0.33990908,0.37038144,0.28970948,3.0,2.0,3.0,2.0,2.0,3.0,1.0,1.0
473,36,0,1,12,12,0,1,11.493408203125,7.986202716827393,13.497869,0.33994845,0.37028375,0.2897678,4.0,3.0,4.0,2.0,3.0,2.0,1.0,1.0
474,36,0,1,12,12,0,1,11.376686096191406,9.625679016113281,12.673018,0.33991867,0.37054232,0.28953895,4.0,3.0,3.0,2.0,2.0,2.0,1.0,1.0
475,37,0,1,13,13,0,1,11.315474510192871,8.02737808227539,12.9903555,0.33986765,0.37043878,0.2896935,4.0,2.0,4.0,2.0,2.0,2.0,0.0,1.0
476,37,0,1,13,13,0,1,10.175482749938965,8.30606746673584,13.228872,0.33986992,0.3702882,0.28984195,4.0,2.0,4.0,3.0,2.0,3.0,1.0,1.0
477,38,0,1,14,14,0,1,13.009435653686523,10.02359390258789,13.076256,0.34002236,0.3701268,0.2898508,4.0,2.0,4.0,2.0,2.0,3.0,1.0,1.0
478,38,0,1,14,14,0,1,10.205838203430176,8.466973304748535,12.825726,0.33950356,0.37035215,0.29014432,4.0,3.0,4.0,3.0,2.0,2.0,1.0,1.0
479,39,0,1,15,15,0,1,10.802471160888672,7.837624549865723,12.758175,0.33950004,0.3704185,0.2900815,3.0,2.0,4.0,2.0,2.0,2.0,0.0,1.0
480,39,0,1,15,15,0,1,9.832962989807129,7.4525322914123535,12.586067,0.33958465,0.37075165,0.28966373,4.0,2.0,4.0,2.0,2.0,3.0,1.0,1.0
481,40,0,1,16,16,0,1,9.488758087158203,6.956666469573975,12.590132,0.33967915,0.3708737,0.2894472,4.0,3.0,3.0,2.0,2.0,3.0,0.0,1.0
482,40,0,1,16,16,0,1,12.109630584716797,8.44875431060791,12.588108,0.34002474,0.37029952,0.2896758,3.0,2.0,3.0,2.0,1.0,2.0,0.0,1.0
483,41,0,1,17,17,1,1,11.696099281311035,8.481308937072754,12.267739,0.33990034,0.37003815,0.2900615,3.0,3.0,3.0,2.0,2.0,2.0,1.0,0.0
484,41,0,1,17,17,1,1,9.887916564941406,6.312844753265381,12.911424,0.34009093,0.36997825,0.28993082,4.0,2.0,3.0,2.0,2.0,2.0,0.0,1.0
485,42,0,1,18,18,1,1,11.153265953063965,8.856334686279297,12.618866,0.34002382,0.3703467,0.2896295,4.0,2.0,3.0,2.0,1.0,2.0,1.0,1.0
486,42,0,1,18,18,1,1,13.349112510681152,9.098251342773438,14.426526,0.33968803,0.37042692,0.28988507,4.0,3.0,3.0,2.0,2.0,2.0,1.0,1.0
487,43,0,1,19,19,1,1,13.864724159240723,9.033689498901367,16.43296,0.33939758,0.370362,0.29024044,3.0,2.0,4.0,2.0,2.0,3.0,1.0,1.0
488,43,0,1,19,19,1,1,15.279534339904785,10.503829002380371,17.089699,0.33907825,0.3704942,0.29042757,3.0,2.0,3.0,2.0,2.0,2.0,0.0,1.0
489,44,0,1,20,20,0,1,18.78118896484375,11.802576065063477,17.572565,0.34032628,0.36997485,0.28969884,3.0,2.0,3.0,2.0,2.0,3.0,0.0,0.0
490,44,0,1,20,20,0,1,14.182496070861816,10.964500427246094,15.253325,0.34028757,0.36997366,0.28973874,4.0,3.0,3.0,2.0,2.0,3.0,0.0,1.0
491,45,0,1,21,21,0,1,11.638190269470215,8.903409004211426,14.055646,0.34002882,0.37039384,0.28957734,3.0,3.0,2.0,2.0,1.0,2.0,0.0,0.0
492,45,0,1,21,21,0,1,10.419462203979492,7.325431823730469,14.334219,0.33997494,0.37032762,0.28969738,3.0,2.0,3.0,2.0,2.0,2.0,0.0,0.0
493,46,0,1,22,22,0,1,12.283178329467773,9.062010765075684,14.465354,0.33994138,0.37032798,0.28973064,3.0,3.0,2.0,2.0,1.0,2.0,0.0,0.0
494,46,0,1,22,22,0,1,10.79583740234375,8.064510345458984,13.996995,0.33955267,0.37087336,0.28957397,2.0,3.0,2.0,2.0,1.0,3.0,1.0,1.0
495,47,0,1,23,23,0,1,10.741898536682129,8.209615707397461,15.350621,0.33960244,0.37034553,0.290052,4.0,3.0,2.0,2.0,1.0,2.0,0.0,1.0
496,47,0,1,23,23,0,1,12.960591316223145,8.469077110290527,16.640476,0.33961153,0.37056515,0.28982326,4.0,3.0,2.0,2.0,1.0,3.0,0.0,1.0
497,0,1,0,0,0,0,1,11.799339294433594,8.826436996459961,16.46253,0.3393414,0.37041903,0.29023957,3.0,3.0,2.0,2.0,1.0,3.0,1.0,1.0
498,0,1,0,0,0,0,1,11.115961074829102,8.23349666595459,18.919323,0.33911663,0.36985865,0.29102468,3.0,3.0,2.0,2.0,2.0,3.0,1.0,1.0
499,1,1,0,1,1,0,1,11.686843872070312,8.774916648864746,17.613243,0.33973163,0.37011185,0.2901565,2.0,3.0,2.0,2.0,1.0,3.0,1.0,1.0
500,1,1,0,1,1,0,1,10.789888381958008,8.264323234558105,16.011202,0.3398848,0.3704374,0.28967777,2.0,3.0,1.0,2.0,1.0,3.0,1.0,1.0
501,2,1,0,2,2,0,1,10.18982982635498,7.463848114013672,14.919287,0.33969155,0.37042585,0.2898826,1.0,3.0,1.0,2.0,1.0,3.0,3.0,1.0
502,2,1,0,2,2,0,1,7.865931510925293,5.9523420333862305,14.220018,0.33963346,0.37058732,0.2897792,1.0,3.0,1.0,2.0,0.0,2.0,3.0,1.0
503,3,1,0,3,3,0,1,8.069238662719727,5.179490566253662,13.769639,0.34008723,0.37037134,0.2895414,1.0,3.0,1.0,2.0,1.0,3.0,5.0,1.0
504,3,1,0,3,3,0,1,8.70850658416748,6.96619987487793,12.7615795,0.33991656,0.37027574,0.28980774,1.0,3.0,1.0,1.0,1.0,2.0,5.0,1.0
505,4,1,0,4,4,0,1,7.887642860412598,6.207556247711182,11.888193,0.34015653,0.37025508,0.28958836,1.0,2.0,1.0,1.0,1.0,3.0,3.0,0.0
506,4,1,0,4,4,0,1,8.380563735961914,6.5214619636535645,11.774934,0.34035406,0.36996585,0.28968006,1.0,2.0,1.0,1.0,0.0,2.0,2.0,1.0
507,5,1,0,5,5,0,1,8.2144136428833,5.357755184173584,11.095628,0.341149,0.3696868,0.2891642,1.0,1.0,1.0,1.0,1.0,1.0,1.0,0.0
508,5,1,0,5,5,0,1,5.434431076049805,3.901869773864746,9.541781,0.34140912,0.36939567,0.28919524,1.0,1.0,1.0,1.0,0.0,1.0,0.0,1.0
509,6,1,0,6,6,0,1,4.713259696960449,3.5500645637512207,9.085495,0.3413149,0.3692379,0.28944716,1.0,1.0,1.0,1.0,0.0,1.0,0.0,0.0
510,6,1,0,6,6,0,1,4.9692535400390625,4.476990699768066,8.665511,0.3413951,0.36904392,0.28956094,1.0,1.0,1.0,1.0,1.0,1.0,0.0,0.0
511,7,1,0,7,7,1,1,5.001391410827637,4.586938381195068,8.9718485,0.34149697,0.3690076,0.2894954,1.0,1.0,1.0,1.0,1.0,1.0,0.0,1.0
512,7,1,0,7,7,1,1,4.998255729675293,4.6204328536987305,9.003859,0.3415946,0.36896157,0.28944382,1.0,1.0,1.0,1.0,0.0,1.0,0.0,0.0
513,8,1,0,8,8,1,1,6.170650005340576,4.877784729003906,9.190904,0.34135935,0.36886665,0.289774,1.0,1.0,1.0,1.0,1.0,1.0,0.0,1.0
514,8,1,0,8,8,1,1,7.975455284118652,6.68715763092041,9.248615,0.3411043,0.3692411,0.2896546,1.0,2.0,1.0,1.0,1.0,1.0,1.0,1.0
515,9,1,0,9,9,1,1,9.053423881530762,7.345870018005371,10.443739,0.3410895,0.36938822,0.28952232,2.0,1.0,2.0,1.0,1.0,1.0,1.0,1.0
516,9,1,0,9,9,1,1,9.786947250366211,8.06608772277832,10.551765,0.3404877,0.36971155,0.28980076,2.0,2.0,2.0,1.0,2.0,1.0,1.0,1.0
517,10,1,0,10,10,0,1,8.805583953857422,6.69273567199707,11.485989,0.34028488,0.3696824,0.2900327,3.0,2.0,2.0,2.0,2.0,2.0,1.0,1.0
518,10,1,0,10,10,0,1,7.6694231033325195,6.4670257568359375,11.279332,0.3405259,0.36981857,0.2896555,2.0,2.0,2.0,2.0,2.0,2.0,0.0,1.0
519,11,1,0,11,11,0,1,10.559297561645508,7.477533340454102,12.97247,0.34018427,0.37040854,0.28940716,3.0,3.0,3.0,2.0,2.0,2.0,0.0,1.0
520,11,1,0,11,11,0,1,11.631863594055176,8.935935020446777,12.515652,0.3401766,0.37034708,0.2894763,4.0,2.0,3.0,2.0,2.0,2.0,1.0,1.0
521,12,1,0,12,12,0,1,8.886003494262695,7.124227046966553,12.488652,0.34011334,0.3702034,0.28968322,3.0,2.0,3.0,2.0,2.0,2.0,0.0,1.0
522,12,1,0,12,12,0,1,9.069572448730469,7.520489692687988,12.886524,0.34002557,0.37023792,0.28973645,4.0,3.0,4.0,2.0,2.0,3.0,1.0,1.0
523,13,1,0,13,13,0,1,10.493196487426758,8.361795425415039,13.011658,0.33969775,0.37056345,0.2897388,3.0,2.0,4.0,2.0,2.0,3.0,1.0,1.0
524,13,1,0,13,13,0,1,10.665572166442871,8.446697235107422,13.288647,0.33990392,0.37038928,0.28970677,3.0,2.0,3.0,2.0,2.0,2.0,1.0,1.0
525,14,1,0,14,14,0,1,16.056743621826172,12.12763786315918,13.986084,0.33993825,0.37030205,0.2897597,3.0,2.0,4.0,2.0,3.0,4.0,1.0,1.0
526,14,1,0,14,14,0,1,15.412065505981445,10.56662368774414,13.485709,0.33997577,0.37022394,0.28980026,2.0,2.0,3.0,2.0,2.0,2.0,1.0,0.0
527,15,1,0,15,15,0,1,14.647149085998535,11.214038848876953,12.788195,0.3399814,0.36991385,0.29010475,2.0,2.0,3.0,2.0,2.0,2.0,1.0,1.0
528,15,1,0,15,15,0,1,11.125014305114746,8.362457275390625,11.853464,0.34049702,0.36985153,0.28965145,2.0,2.0,2.0,1.0,2.0,2.0,1.0,1.0
529,16,1,0,16,16,0,1,13.142814636230469,9.776069641113281,11.55995,0.3401957,0.36998874,0.28981557,2.0,1.0,2.0,2.0,1.0,2.0,1.0,1.0
530,16,1,0,16,16,0,1,15.308810234069824,10.950042724609375,11.94956,0.34057137,0.36982533,0.28960326,2.0,1.0,2.0,1.0,1.0,2.0,0.0,0.0
531,17,1,0,17,17,1,1,14.082712173461914,9.049421310424805,11.977462,0.34044504,0.3699724,0.2895825,2.0,2.0,2.0,1.0,1.0,2.0,1.0,1.0
532,17,1,0,17,17,1,1,8.867083549499512,6.785068035125732,11.324924,0.34032702,0.3701356,0.28953743,2.0,1.0,2.0,1.0,1.0,1.0,0.0,0.0
533,18,1,0,18,18,1,1,8.447005271911621,6.509628772735596,11.847688,0.3403597,0.3701464,0.28949395,2.0,1.0,2.0,2.0,1.0,2.0,1.0,1.0
534,18,1,0,18,18,1,1,9.582521438598633,8.267812728881836,11.674514,0.3403877,0.37000006,0.2896122,2.0,1.0,2.0,1.0,1.0,2.0,0.0,1.0
535,19,1,0,19,19,1,1,11.426530838012695,8.98599624633789,12.198045,0.3401747,0.37015682,0.2896685,2.0,2.0,2.0,2.0,1.0,1.0,0.0,0.0
536,19,1,0,19,19,1,1,9.527923583984375,7.760517597198486,12.414661,0.34064326,0.36987638,0.28948033,2.0,2.0,2.0,1.0,1.0,2.0,0.0,0.0
537,20,1,0,20,20,0,1,9.230453491210938,7.867066860198975,12.086199,0.34069934,0.36972693,0.28957373,2.0,1.0,2.0,1.0,1.0,2.0,1.0,1.0
538,20,1,0,20,20,0,1,9.99553394317627,7.69467830657959,11.832418,0.3404445,0.37027976,0.28927577,1.0,1.0,2.0,1.0,1.0,1.0,0.0,0.0
539,21,1,0,21,21,0,1,9.51256275177002,7.735930442810059,11.450174,0.34086406,0.36997035,0.2891656,2.0,2.0,1.0,1.0,1.0,1.0,0.0,0.0
540,21,1,0,21,21,0,1,9.672201156616211,7.982157230377197,11.27523,0.34057453,0.3698635,0.28956196,2.0,2.0,1.0,1.0,1.0,2.0,0.0,0.0
541,22,1,0,22,22,0,1,8.011128425598145,6.441595077514648,10.919146,0.34079048,0.37001085,0.2891986,1.0,1.0,1.0,1.0,1.0,1.0,0.0,0.0
542,22,1,0,22,22,0,1,7.583192348480225,5.946235656738281,10.755056,0.34069452,0.36988592,0.28941956,1.0,2.0,1.0,1.0,1.0,1.0,0.0,0.0
543,23,1,0,23,23,0,1,7.18535041809082,6.494041442871094,10.535718,0.34090984,0.36970943,0.28938073,1.0,1.0,1.0,1.0,1.0,1.0,0.0,0.0
544,23,1,0,23,23,0,1,6.632176399230957,5.883876800537109,10.529114,0.34120962,0.3696514,0.289139,1.0,1.0,1.0,1.0,1.0,1.0,0.0,0.0
545,0,1,0,0,0,0,1,6.556500434875488,5.461510181427002,10.141955,0.34133983,0.3697568,0.2889034,1.0,1.0,1.0,1.0,1.0,1.0,0.0,0.0
